,interview,task,meandistance,stddevdistance,maxdistance,mindistance,startdistance,enddistance
0,EA-004,EA-004_allsc,656.314169137,12.6724046262,688.44,575.1,669.84,659.32
1,EA-004,Reading,649.72305372,14.4148598261,682.7,575.1,665.18,650.27
2,EA-004,Memory,656.327126326,10.4936214709,688.44,601.87,644.37,659.32
3,EA-004,CookieTheft,661.093712252,8.34831131904,672.88,576.23,659.72,659.63
4,EA-004,PupilCalib,670.071635623,1.02073725565,673.15,667.34,669.84,669.8
5,EA-007,EA-007_allsc,661.178009234,10.2231100404,694.88,547.13,671.79,661.25
6,EA-007,Reading,661.538433911,7.99651398847,694.88,547.13,682.44,664.17
7,EA-007,CookieTheft,666.832633429,5.64462246921,692.79,654.81,666.51,669.89
8,EA-007,PupilCalib,671.494896057,1.05310011021,676.52,669.25,671.79,671.95
9,EA-009,EA-009_allsc,688.468736449,5.69264858702,709.36,660.08,692.81,686.61
10,EA-009,Reading,687.014518557,7.73403578032,709.36,661.91,692.56,678.04
11,EA-009,Memory,687.260102319,3.31101187681,698.77,660.08,681.49,686.61
12,EA-009,CookieTheft,690.371096018,4.45911032474,704.68,678.04,698.21,691.02
13,EA-009,PupilCalib,690.901653543,1.7246985286,696.34,685.83,692.81,691.28
14,EA-049,EA-049_allsc,635.710316068,9.88869096718,669.45,593.73,629.91,649.93
15,EA-049,Reading,633.907144949,8.01951492968,648.17,594.6,635.28,636.23
16,EA-049,Memory,642.854188894,7.31900656739,669.45,617.66,632.79,649.93
17,EA-049,CookieTheft,631.837197239,9.58156952379,656.21,593.73,633.26,629.3
18,EA-049,PupilCalib,627.274219831,0.991642434445,630.56,625.68,629.91,627.15
19,EA-063,EA-063_allsc,698.781698113,21.7832687974,773.51,663.35,697.94,696.73
20,EA-063,Reading,689.455452409,10.60595161,714.77,663.35,708.54,680.47
21,EA-063,CookieTheft,689.419175708,7.8029884921,707.87,670.3,698.34,678.25
22,EA-063,PupilCalib,696.412076271,1.48218376507,700.08,693.44,697.94,694.7
23,EA-069,EA-069_allsc,664.043984533,11.2787591239,704.91,424.4,672.03,665.17
24,EA-069,Reading,663.108196508,13.1603053071,704.91,424.4,668.13,670.61
25,EA-069,Memory,663.931352186,13.5795722575,690.41,572.64,660.66,665.17
26,EA-069,CookieTheft,663.054630396,5.97087214256,682.77,620.5,671.8,660.83
27,EA-069,PupilCalib,673.523042304,2.72931557883,677.0,661.02,672.03,675.01
28,EA-073,EA-073_allsc,684.285130095,9.89710208812,712.3,619.76,687.72,652.6
29,EA-073,Reading,684.974625024,10.9230059953,702.0,619.76,687.55,649.34
30,EA-073,CookieTheft,684.78497107,6.15566465588,712.3,668.99,687.38,674.2
31,EA-073,PupilCalib,689.196838859,1.06130460689,694.28,687.19,687.72,689.56
32,EA-084,EA-084_allsc,676.028454073,6.61488781422,715.17,634.28,688.6,659.25
33,EA-084,Reading,673.625865574,6.68662240265,697.72,645.22,675.3,666.72
34,EA-084,Memory,674.453275763,4.07776908693,688.07,659.25,671.98,659.25
35,EA-084,CookieTheft,676.20219802,4.76171612746,715.17,634.28,684.54,670.95
36,EA-084,PupilCalib,688.745609756,0.754709675858,690.1,686.37,688.6,687.1
37,EA-109,EA-109_allsc,696.17770109,6.38474641866,711.19,659.34,699.71,701.23
38,EA-109,Reading,696.443316545,6.72319004855,709.98,659.34,698.83,687.4
39,EA-109,CookieTheft,693.295939588,5.87641035864,707.06,665.75,697.99,689.25
40,EA-109,PupilCalib,700.18402571,0.946125959422,703.12,697.82,699.71,699.87
41,EA-123,EA-123_allsc,628.544313046,17.4077842868,736.2,573.13,624.23,661.21
42,EA-123,Reading,631.287423678,14.0105794229,675.17,573.13,622.75,631.61
43,EA-123,CookieTheft,614.979362326,6.44409365005,632.16,593.58,607.64,630.06
44,EA-123,PupilCalib,629.379333333,3.51210213803,639.85,615.59,624.23,639.54
45,EA-127,EA-127_allsc,743.957251826,26.6490149536,803.04,689.66,728.58,763.69
46,EA-127,Reading,768.991294447,6.68456278533,788.62,744.84,775.43,767.62
47,EA-127,Memory,769.496196613,8.93451993506,803.04,706.77,783.11,763.69
48,EA-127,CookieTheft,717.25017432,5.60881156504,736.29,689.66,714.27,719.38
49,EA-127,PupilCalib,727.21828201,2.73968032865,731.42,718.59,728.58,726.34
50,EA-135,EA-135_allsc,648.347689115,34.8154195547,980.72,354.86,658.56,650.2
51,EA-135,Reading,654.373829045,31.5280515584,809.37,387.35,660.31,655.99
52,EA-135,Memory,636.217856498,47.6849034692,980.72,354.86,664.31,650.2
53,EA-135,CookieTheft,651.529384386,17.3965811142,760.79,462.92,659.88,666.68
54,EA-135,PupilCalib,657.627776435,2.48569498836,665.42,650.1,658.56,658.65
55,EA-141,EA-141_allsc,713.982760779,10.6555402129,836.73,637.62,712.58,708.67
56,EA-141,Reading,721.702426218,14.8191332202,836.73,637.62,712.87,717.35
57,EA-141,Memory,711.542946582,7.77407697071,732.53,654.26,726.39,708.67
58,EA-141,CookieTheft,708.581332741,3.31448902727,725.54,698.61,703.7,708.92
59,EA-141,PupilCalib,713.520932256,2.14480147895,722.76,709.03,712.58,715.4
60,EA-149,EA-149_allsc,662.65761424,28.7491722785,772.52,469.45,637.26,657.68
61,EA-149,Reading,681.008325718,21.8678171825,727.92,469.45,646.18,609.7
62,EA-149,CookieTheft,631.319421943,7.57632724147,686.59,579.01,633.75,628.16
63,EA-149,PupilCalib,636.255573643,1.03607558542,638.22,629.96,637.26,636.75
64,EA-152,EA-152_allsc,614.469040267,58.3305297573,763.54,410.78,673.72,632.39
65,EA-152,Reading,607.033843802,71.5866543371,763.54,410.78,655.59,587.56
66,EA-152,CookieTheft,604.915957215,37.9309807515,679.47,441.88,673.07,550.24
67,EA-152,PupilCalib,666.174622289,3.02929618146,674.9,661.16,673.72,661.87
68,EA-169,EA-169_allsc,664.598288302,14.0628382721,722.77,582.33,652.25,684.86
69,EA-169,Reading,668.286641893,13.3374413276,698.78,582.33,651.88,672.34
70,EA-169,CookieTheft,654.423238374,8.92650476767,722.77,635.26,649.04,662.37
71,EA-169,PupilCalib,654.68035533,1.29219950158,657.14,651.11,652.25,653.63
72,EA-178,EA-178_allsc,692.820555379,21.7182633023,733.69,551.07,711.74,657.82
73,EA-178,Reading,699.758413373,14.4346678906,733.69,668.43,705.04,688.15
74,EA-178,CookieTheft,706.089039291,6.46255405022,719.14,688.08,701.18,711.55
75,EA-178,PupilCalib,707.586145064,1.55146706341,711.85,701.96,711.74,708.03
76,EA-180,EA-180_allsc,674.040809623,13.9663402918,696.92,528.77,688.05,677.71
77,EA-180,Reading,669.114009121,14.7303860848,696.92,607.8,687.34,666.7
78,EA-180,CookieTheft,683.830654562,6.43653184001,693.37,660.82,687.56,678.06
79,EA-180,PupilCalib,688.668994083,0.802104574416,690.99,686.06,688.05,687.06
80,EA-184,EA-184_allsc,650.249375291,7.18813330006,682.53,614.27,646.31,647.05
81,EA-184,Reading,655.529118486,5.29756714462,668.93,634.5,652.78,652.49
82,EA-184,Memory,648.506345203,5.74990073499,667.5,625.01,654.81,647.05
83,EA-184,CookieTheft,648.090348229,7.69460681248,682.53,614.27,653.55,646.79
84,EA-184,PupilCalib,652.160350271,1.13531176303,665.12,646.3,646.31,652.51
85,EA-194,EA-194_allsc,668.119673568,30.1449137787,720.8,560.41,647.05,664.62
86,EA-194,Reading,648.366637498,4.90739613346,660.7,634.6,640.85,645.82
87,EA-194,CookieTheft,636.699771987,4.65986199089,651.16,622.1,629.06,637.37
88,EA-194,PupilCalib,643.626184397,0.812750009385,647.05,641.41,647.05,644.08
89,EA-195,EA-195_allsc,637.528335975,9.8617863634,705.16,582.12,640.0,596.62
90,EA-195,Reading,636.484682288,9.96113725059,685.06,582.12,628.45,633.07
91,EA-195,Memory,640.988443354,11.2540308388,705.16,596.12,647.92,596.62
92,EA-195,CookieTheft,633.587013238,3.98611380544,652.78,621.5,627.42,639.65
93,EA-195,PupilCalib,635.423424879,1.91540887828,644.88,632.2,640.0,636.47
94,EE-031,CookieTheft,846.033703347,12.9776326465,883.56,776.99,839.46,832.83
95,EE-050,EE-050_allsc,669.038200937,13.8588856205,727.97,514.55,662.26,647.27
96,EE-050,Reading,669.189488916,14.1459266932,727.97,571.64,659.23,648.7
97,EE-050,CookieTheft,674.272374817,10.2595821941,706.07,639.5,667.8,680.29
98,EE-050,PupilCalib,663.730195578,3.89496257923,668.7,647.86,662.26,667.47
99,EE-057,EE-057_allsc,726.731016116,11.4350638303,799.78,677.58,737.71,739.73
100,EE-057,Reading,722.63082249,10.4113520874,793.65,682.92,737.81,695.57
101,EE-057,Memory,728.291612382,15.0529081685,799.78,677.58,732.56,739.73
102,EE-057,CookieTheft,732.360421211,7.31243975339,761.9,710.74,740.54,729.92
103,EE-057,PupilCalib,734.342221085,2.73840130013,743.35,726.28,737.71,735.25
104,EE-087,PupilCalib,677.205625832,1.93546348331,686.3,673.25,680.09,677.28
105,EE-093,EE-093_allsc,667.847611784,17.5020460438,705.06,449.81,681.87,671.89
106,EE-093,Reading,664.73351342,14.2017612909,684.07,569.64,677.03,660.73
107,EE-093,Memory,666.751722946,28.5914194093,705.06,449.81,683.41,671.89
108,EE-093,CookieTheft,669.090612838,5.89606742865,680.87,640.23,670.59,662.14
109,EE-093,PupilCalib,680.898162461,1.16855674937,684.07,678.1,681.87,680.5
110,EE-100,EE-100_allsc,677.869506276,24.0928403644,1007.21,594.07,685.85,685.56
111,EE-100,Reading,675.624263304,27.2910276274,990.55,594.07,676.2,665.23
112,EE-100,CookieTheft,674.525722606,5.8116448232,693.25,662.44,679.37,677.33
113,EE-100,PupilCalib,683.209349931,2.03476604196,687.04,678.12,685.85,682.59
114,EE-105,EE-105_allsc,589.909585149,14.7881620627,636.11,518.45,628.54,571.52
115,EE-105,Reading,594.182528824,9.87533424864,623.21,518.45,609.19,616.1
116,EE-105,Memory,580.158452893,10.4251767821,636.11,527.53,590.95,571.52
117,EE-105,CookieTheft,594.600495637,13.0857514862,626.01,547.82,623.77,594.55
118,EE-105,PupilCalib,628.425048662,1.28551384914,632.47,625.55,628.54,631.5
119,EE-126,EE-126_allsc,659.50749867,23.1360655044,707.91,369.79,662.66,613.4
120,EE-126,Reading,656.698369925,26.7717394347,707.91,369.79,668.81,644.06
121,EE-126,CookieTheft,665.64472061,10.5627237434,691.21,536.29,664.82,677.87
122,EE-126,PupilCalib,665.313093581,3.31008334074,675.3,647.91,662.66,664.23
123,EE-140,EE-140_allsc,583.970575528,23.7032770847,700.71,419.58,617.67,557.88
124,EE-140,Reading,572.643208827,23.9226519154,700.71,419.58,579.08,582.08
125,EE-140,CookieTheft,591.633357618,16.7246880728,621.58,521.28,608.23,571.77
126,EE-140,PupilCalib,622.077211538,1.63475233929,625.19,616.87,617.67,621.83
127,EE-146,EE-146_allsc,587.055095037,9.83606504368,619.3,532.62,576.88,593.62
128,EE-146,Reading,583.397059271,6.92568473463,596.46,532.62,551.7,586.03
129,EE-146,Memory,599.31541979,4.89818600399,619.3,573.75,606.59,593.62
130,EE-146,CookieTheft,582.256278099,7.64250908967,598.98,561.59,578.4,597.26
131,EE-146,PupilCalib,578.628918692,0.907405728049,581.14,576.09,576.88,579.12
132,EE-147,EE-147_allsc,704.27660217,9.05932497738,739.26,598.12,709.52,678.92
133,EE-147,Reading,704.789612446,8.07894875167,730.2,662.08,708.09,699.59
134,EE-147,Memory,697.877083645,6.09941764754,714.75,629.27,699.85,678.92
135,EE-147,PupilCalib,713.722305581,2.03759859869,719.77,707.94,709.52,714.66
136,EE-174,Reading,500.079652832,17.1113644492,552.68,429.59,477.76,500.04
137,EE-174,CookieTheft,621.921465138,89.5404697632,709.27,459.37,688.55,466.72
138,EE-174,PupilCalib,688.878432081,5.77875992782,700.3,678.55,680.53,695.17
139,EE-190,EE-190_allsc,677.888170518,19.4813785182,744.47,635.95,665.9,682.27
140,EE-190,Reading,687.644430008,21.8203673724,744.47,635.95,677.44,659.01
141,EE-190,Memory,676.940997579,12.9437885348,708.77,651.75,651.75,682.27
142,EE-190,CookieTheft,678.900327242,13.2408335712,707.16,643.67,668.93,698.86
143,EE-190,PupilCalib,653.654235737,5.14048282615,669.01,647.04,665.9,651.88
144,EH-061,EH-061_allsc,679.235591475,6.42173400792,699.85,603.44,680.72,632.49
145,EH-061,Reading,677.26770112,8.91726656066,699.85,603.44,684.6,657.66
146,EH-061,Memory,680.52190375,3.77291399596,689.89,632.49,678.13,632.49
147,EH-061,CookieTheft,679.32858145,4.55390758551,697.11,662.6,679.72,686.24
148,EH-061,PupilCalib,686.158929504,3.44801023054,693.26,672.25,680.72,693.26
149,EH-164,EH-164_allsc,723.860443434,10.5317632913,754.07,694.63,734.6,699.99
150,EH-164,Reading,720.386538426,11.4215829374,746.85,694.63,731.54,721.88
151,EH-164,Memory,718.520223735,6.47705256831,754.07,699.99,726.04,699.99
152,EH-164,CookieTheft,727.579256345,6.86472324917,751.12,699.39,735.84,715.29
153,EH-164,PupilCalib,738.673234043,1.00221688422,740.62,734.6,734.6,738.39
154,EH-173,EH-173_allsc,700.791016442,6.16622668258,720.17,673.73,703.53,705.66
155,EH-173,Reading,698.446968658,7.13212047706,720.17,674.56,698.61,695.35
156,EH-173,Memory,703.1254965,3.568567846,715.45,673.73,704.59,705.66
157,EH-173,CookieTheft,701.660134998,5.9842247137,716.27,681.53,704.49,705.92
158,EH-173,PupilCalib,703.311731641,1.77542479582,707.42,697.98,703.53,704.96
159,EI-0001,EI-0001_allsc,678.881562571,7.57988687974,700.97,606.89,671.22,670.25
160,EI-0001,Reading,684.733327823,7.24699614815,700.97,641.94,685.48,686.71
161,EI-0001,Memory,673.263586949,3.55436265593,684.73,606.89,679.68,670.25
162,EI-0001,CookieTheft,679.911537186,4.78736321633,695.26,663.98,674.79,687.16
163,EI-0001,PupilCalib,670.43380044,0.856418332101,672.59,667.81,671.22,671.16
164,EI-023,EI-023_allsc,664.671581336,9.4038631988,718.66,555.31,676.13,645.06
165,EI-023,Reading,669.800454403,6.2060163524,718.66,635.6,670.13,667.66
166,EI-023,Memory,655.578418615,8.92543458338,693.02,555.31,671.88,645.06
167,EI-023,CookieTheft,668.267848205,5.21451974431,695.03,651.78,671.48,665.57
168,EI-023,PupilCalib,673.876866464,1.13023134773,677.16,671.49,676.13,673.39
169,EI-037,EI-037_allsc,653.431439394,13.2905160179,925.42,563.88,664.63,628.07
170,EI-037,Reading,652.981866283,16.8275882312,925.42,599.92,662.66,650.97
171,EI-037,CookieTheft,654.842621976,5.39826175831,675.68,642.43,656.68,654.65
172,EI-037,PupilCalib,658.572235577,2.25524758512,664.63,654.47,664.63,654.57
173,EI-051,EI-051_allsc,652.837374624,16.104212867,757.02,539.01,646.44,622.32
174,EI-051,Reading,649.669763013,15.6812449209,757.02,610.23,657.63,634.55
175,EI-051,Memory,650.277968725,16.5967554875,711.18,539.01,650.06,622.32
176,EI-051,CookieTheft,659.759784138,15.282554217,693.45,622.77,649.29,625.38
177,EI-051,PupilCalib,648.209057836,0.853597291772,650.68,645.76,646.44,649.49
178,EI-096,EI-096_allsc,677.160709031,13.1645659149,699.69,603.09,687.62,663.4
179,EI-096,Reading,681.929130242,7.42872980766,698.26,660.06,683.03,679.27
180,EI-096,Memory,661.709520874,11.4981194474,683.65,633.45,669.73,663.4
181,EI-096,CookieTheft,683.850238291,6.33229340256,699.69,620.66,683.83,689.91
182,EI-096,PupilCalib,691.084215962,5.98842048117,696.27,603.09,687.62,694.06
183,EI-112,Reading,584.305106535,6.1885575268,605.9,564.91,584.93,580.0
184,EI-112,CookieTheft,587.290394265,4.82868785238,598.67,570.27,592.9,590.52
185,EI-112,PupilCalib,603.341966427,1.17685185562,606.54,601.34,602.74,602.3
186,EI-137,EI-137_allsc,687.294167311,16.5449470095,802.53,539.17,693.63,697.98
187,EI-137,Reading,681.552958768,12.8809507161,712.82,644.59,686.18,681.99
188,EI-137,CookieTheft,686.713642098,9.91382676491,718.57,660.92,694.58,685.55
189,EI-137,PupilCalib,690.386833559,1.92179869149,694.14,684.22,693.63,691.48
190,EI-170,EI-170_allsc,641.068567951,12.475730932,671.42,569.16,665.54,641.64
191,EI-170,Reading,633.729524961,10.9280122104,662.29,582.24,631.36,625.57
192,EI-170,Memory,636.921669293,9.57553513333,660.34,569.16,651.16,641.64
193,EI-170,CookieTheft,647.482588596,10.4669770168,671.42,619.0,665.67,646.5
194,EI-170,PupilCalib,664.556649057,0.990052304842,667.7,661.58,665.54,665.25
195,EI-189,EI-189_allsc,670.148917245,56.2230958137,841.98,416.94,749.3,611.72
196,EI-189,Reading,637.671217739,24.6403721592,742.35,549.3,729.3,725.6
197,EI-189,CookieTheft,676.715484158,55.1263307723,787.41,457.2,756.55,578.83
198,EI-189,PupilCalib,752.543535769,4.08956233443,758.99,740.54,749.3,757.0
199,EI-191,EI-191_allsc,633.361734472,10.8624095244,674.39,561.88,632.04,636.15
200,EI-191,Reading,628.547218481,6.54051774224,654.98,603.55,640.06,640.12
201,EI-191,Memory,639.745419687,12.8206452596,674.39,561.88,643.36,636.15
202,EI-191,CookieTheft,628.904611956,6.69602887816,660.02,595.62,657.91,638.03
203,EI-191,PupilCalib,633.24130137,1.19456936798,636.52,623.9,632.04,633.53
204,EL-003,CookieTheft,698.049521961,8.59114328262,720.45,654.35,702.2,706.06
205,EL-101,EL-101_allsc,571.65713362,11.1766507822,760.44,534.94,592.52,565.67
206,EL-101,Reading,578.639091433,12.6852808936,760.44,534.94,595.74,577.35
207,EL-101,Memory,565.273687432,10.2768310624,591.12,535.93,589.19,565.67
208,EL-101,CookieTheft,572.24686478,6.83949589761,636.96,551.51,589.35,565.66
209,EL-101,PupilCalib,594.321547893,0.606769880663,596.13,592.51,592.52,593.22
210,EL-122,EL-122_allsc,583.475163378,17.8680537584,680.67,525.16,593.32,564.17
211,EL-122,Reading,597.220589766,7.72326670819,624.12,525.16,589.43,599.79
212,EL-122,Memory,564.678826834,12.3904272227,680.67,538.13,583.64,564.17
213,EL-122,CookieTheft,592.973392341,4.40852783695,604.23,569.97,590.87,600.63
214,EL-122,PupilCalib,595.096519559,1.61496994852,599.5,587.7,593.32,597.49
215,EL-156,EL-156_allsc,627.125681587,13.3201792062,658.76,388.41,615.92,616.26
216,EL-156,Reading,618.060338158,10.2225956404,640.26,560.88,622.88,606.28
217,EL-156,Memory,625.12445855,15.6982922149,655.71,388.41,620.9,616.26
218,EL-156,CookieTheft,631.995676089,8.69305836594,658.76,564.78,624.74,636.73
219,EL-156,PupilCalib,624.356418673,2.96684923631,629.99,615.92,615.92,627.07
220,EL-185,EL-185_allsc,644.749293242,10.0951753181,667.17,588.45,648.26,652.44
221,EL-185,Reading,638.646906086,11.9345857105,667.17,588.45,648.7,644.42
222,EL-185,Memory,654.843598168,2.91227355852,663.5,646.21,654.29,652.44
223,EL-185,CookieTheft,642.276435495,5.55385689737,653.47,616.39,645.85,649.89
224,EL-185,PupilCalib,645.835937984,0.844009656499,648.38,643.97,648.26,643.97
225,EO-005,Reading,639.745192891,33.8009873687,662.08,390.13,648.87,630.52
226,EO-005,CookieTheft,646.841618236,9.52593831852,669.24,610.55,659.61,635.83
227,EO-008,EO-008_allsc,700.688298442,6.54211514192,715.25,674.63,692.27,701.15
228,EO-008,Reading,701.469529427,7.68125330049,715.25,674.63,712.8,684.94
229,EO-008,Memory,703.924726855,2.33106675466,709.89,698.77,708.37,701.15
230,EO-008,CookieTheft,697.18758706,5.76214057031,714.36,682.48,701.76,690.52
231,EO-008,PupilCalib,701.446531499,2.22035972505,706.25,689.52,692.27,704.08
232,EO-011,PupilCalib,658.804541833,5.51525139006,678.54,644.32,675.7,658.03
233,EO-021,EO-021_allsc,663.408198532,8.29728947886,709.01,552.0,678.52,674.45
234,EO-021,Reading,662.027846881,6.60066205529,709.01,631.11,668.43,667.13
235,EO-021,CookieTheft,664.333588165,4.55614982456,681.21,643.4,669.96,663.49
236,EO-021,PupilCalib,662.253874755,9.04905521315,688.95,638.26,678.52,646.98
237,EO-026,EO-026_allsc,647.98485497,21.1003964243,952.33,546.82,666.12,650.26
238,EO-026,Reading,655.15407743,29.3680943835,890.25,587.42,654.21,643.43
239,EO-026,Memory,644.511800651,17.6984418064,685.81,554.21,685.79,650.26
240,EO-026,CookieTheft,641.320406791,11.9614584729,952.33,546.82,645.85,649.68
241,EO-026,PupilCalib,665.008723229,1.26227778027,668.14,660.05,666.12,664.73
242,EO-054,EO-054_allsc,761.801086814,16.8969663277,806.02,676.1,756.52,780.06
243,EO-054,Reading,766.893485427,5.92478656423,787.93,739.94,771.16,769.54
244,EO-054,Memory,778.636540443,8.88938115418,806.02,748.61,791.94,780.06
245,EO-054,CookieTheft,741.583868266,13.0918230126,785.09,676.1,727.27,749.07
246,EO-054,PupilCalib,757.17209622,0.874715079627,759.68,754.06,756.52,756.78
247,EO-080,EO-080_allsc,664.540181488,28.1901398902,1004.85,587.21,656.95,638.07
248,EO-080,Reading,669.025392459,41.506342639,1004.85,601.6,663.85,682.11
249,EO-080,Memory,663.831548056,10.9370025793,684.32,587.21,663.82,638.07
250,EO-080,CookieTheft,660.015360644,6.83088578227,672.94,629.48,666.12,663.17
251,EO-080,PupilCalib,658.236527571,1.27552612837,662.82,654.25,656.95,658.84
252,EO-083,EO-083_allsc,584.011692325,16.4518137087,829.14,522.1,581.12,649.91
253,EO-083,Reading,586.565672799,14.4155754242,829.14,548.47,578.39,578.49
254,EO-083,CookieTheft,583.403232014,4.46666606512,594.9,571.06,577.01,579.73
255,EO-083,PupilCalib,585.762420481,1.29431846382,588.24,581.12,581.12,587.78
256,EO-091,Reading,734.305334172,7.41123315262,754.55,700.28,747.28,727.02
257,EO-091,CookieTheft,737.748626628,11.1848010193,761.17,626.41,733.97,733.58
258,EO-094,EO-094_allsc,637.108476606,7.4480409809,661.5,597.5,658.64,617.87
259,EO-094,Reading,632.272823713,7.87587691106,649.76,597.5,637.63,629.15
260,EO-094,Memory,636.478878676,6.00765731296,655.43,600.91,629.77,617.87
261,EO-094,CookieTheft,640.133247139,4.90724466428,657.49,623.24,652.53,633.49
262,EO-094,PupilCalib,655.629925125,1.30231987117,661.5,648.94,658.64,656.37
263,EO-143,EO-143_allsc,698.72620911,14.4351361152,911.64,635.81,703.41,703.79
264,EO-143,Reading,697.133611436,13.3652311234,838.42,635.81,694.1,701.29
265,EO-143,Memory,697.930685972,2.65872407435,707.27,691.07,704.38,703.79
266,EO-143,CookieTheft,699.680435326,18.5824280452,911.64,664.03,704.07,697.47
267,EO-143,PupilCalib,703.376444111,0.981699568533,706.09,701.56,703.41,702.26
268,EO-166,EO-166_allsc,666.765424314,18.897856877,714.19,473.19,674.58,680.7
269,EO-166,Reading,667.478,18.0276182625,702.6,524.73,664.83,674.71
270,EO-166,CookieTheft,666.925759333,20.2146858476,714.19,509.44,649.56,700.9
271,EO-166,PupilCalib,667.926427481,3.46393172275,674.58,635.83,674.58,667.58
272,EO-182,EO-182_allsc,707.869474405,11.3931467538,920.75,655.55,694.83,697.38
273,EO-182,Reading,711.751096554,12.3319354241,920.75,670.89,687.88,707.18
274,EO-182,CookieTheft,704.684107425,7.15622246475,723.99,669.64,694.13,720.11
275,EO-182,PupilCalib,698.784780453,1.48923075571,702.92,693.92,694.83,698.27
276,EO-186,EO-186_allsc,674.041953421,23.0372900259,764.21,495.58,673.41,650.86
277,EO-186,Reading,672.366338335,27.2699970235,717.53,495.58,688.81,667.4
278,EO-186,CookieTheft,671.919909853,13.8033751808,764.21,525.3,675.59,654.2
279,EO-186,PupilCalib,674.851164802,2.20311029647,679.86,667.68,673.41,675.78
280,ER-017,CookieTheft,714.647626338,23.1109217923,783.82,504.85,718.58,737.19
281,ER-017,PupilCalib,708.924941452,16.6338011335,729.45,553.54,699.03,717.7
282,ER-040,ER-040_allsc,645.640832753,8.27596919002,686.13,597.21,652.35,643.64
283,ER-040,Reading,643.30514691,10.4731111135,665.71,597.21,649.5,625.86
284,ER-040,CookieTheft,644.836406637,8.95907525201,662.98,615.47,651.97,661.29
285,ER-040,PupilCalib,652.069293478,1.42870915081,657.51,649.38,652.35,654.83
286,ER-059,ER-059_allsc,643.445770759,48.2475383828,911.66,513.19,641.59,579.23
287,ER-059,Reading,689.782698444,42.400548021,790.61,513.19,683.42,602.02
288,ER-059,Memory,610.812495955,35.6125944615,911.66,532.26,590.04,579.23
289,ER-059,CookieTheft,628.181462934,37.2441554768,859.68,564.0,617.8,622.93
290,ER-059,PupilCalib,632.591969027,12.2686059272,644.15,608.22,641.59,614.83
291,ER-129,ER-129_allsc,645.657485653,11.6444791205,682.91,530.44,654.38,634.11
292,ER-129,Reading,645.324116095,9.41641304522,671.93,607.43,647.31,648.47
293,ER-129,CookieTheft,648.826028164,8.44942975538,664.56,622.8,653.57,643.79
294,ER-129,PupilCalib,649.432933443,1.43223648134,654.38,645.04,654.38,647.18
295,ER-167,ER-167_allsc,641.620978328,8.52455308551,677.93,571.72,652.92,607.2
296,ER-167,Reading,640.130403068,8.32505419825,670.01,586.02,646.04,635.4
297,ER-167,Memory,641.650180269,10.615899304,676.21,571.72,647.9,607.2
298,ER-167,CookieTheft,645.053422005,5.65783530212,677.93,629.63,638.33,645.19
299,ER-167,PupilCalib,639.814290123,10.4086940029,660.03,627.8,652.92,635.19
300,ET-090,ET-090_allsc,610.824265532,13.3391986942,660.9,587.23,605.56,617.31
301,ET-090,Reading,622.639486553,15.5918435652,660.9,593.01,634.18,599.27
302,ET-090,Memory,605.007952676,5.90291454229,643.36,595.22,636.93,617.31
303,ET-090,CookieTheft,609.243768715,12.2573122291,639.16,587.23,602.02,602.48
304,ET-090,PupilCalib,602.865284392,1.22931393804,607.44,600.38,605.56,601.05
305,EU-015,EU-015_allsc,615.023753903,15.7557221898,644.09,394.77,621.16,615.2
306,EU-015,Reading,617.841699209,19.2098645946,644.09,465.51,603.22,607.27
307,EU-015,Memory,604.64658515,22.5235851468,635.77,394.77,632.83,615.2
308,EU-015,CookieTheft,615.84939711,4.4641903438,631.26,600.51,615.47,614.73
309,EU-015,PupilCalib,623.7455721,2.04775019202,630.28,619.71,621.16,622.83
310,EU-024,EU-024_allsc,656.540477991,8.15947092886,717.01,614.78,668.72,678.61
311,EU-024,Reading,657.690845511,9.56037081598,692.22,634.97,661.52,679.03
312,EU-024,Memory,657.590875689,6.590212012,717.01,636.42,658.77,678.61
313,EU-024,CookieTheft,652.059462576,5.70982150183,667.28,614.78,659.98,654.65
314,EU-024,PupilCalib,665.078124542,1.23844702169,671.14,663.38,668.72,666.13
315,EU-161,EU-161_allsc,686.092196709,24.5435538936,777.49,640.44,676.31,691.83
316,EU-161,Reading,720.56475004,16.0961502588,777.49,642.11,677.36,727.94
317,EU-161,Memory,692.681653251,7.90742107998,711.76,640.44,711.74,691.83
318,EU-161,CookieTheft,667.891688786,5.26896114834,684.98,649.07,679.34,665.02
319,EU-161,PupilCalib,678.974789104,1.47566069736,682.32,673.67,676.31,681.02
320,EY-035,PupilCalib,707.237118524,2.36828702918,711.13,697.73,705.36,698.05
321,EY-043,EY-043_allsc,704.152031851,23.6088726756,758.11,668.27,674.94,739.56
322,EY-043,Reading,696.604453925,10.4832446615,723.16,668.27,693.36,678.77
323,EY-043,Memory,735.429246953,12.28590421,758.11,697.73,701.5,739.56
324,EY-043,CookieTheft,685.312094638,5.82234683917,701.76,671.37,677.14,679.6
325,EY-043,PupilCalib,676.069005315,1.05204786438,679.05,673.46,674.94,677.48
326,EY-088,EY-088_allsc,642.884960621,10.7596108826,666.62,605.88,658.7,632.2
327,EY-088,Reading,643.152653137,6.32334176808,659.28,625.55,653.92,632.11
328,EY-088,Memory,632.33502288,5.13807521647,650.47,605.88,639.3,632.2
329,EY-088,CookieTheft,651.597403691,6.10546301185,666.62,635.71,661.26,651.38
330,EY-088,PupilCalib,655.764201128,5.52759953794,663.82,645.06,658.7,650.8
331,HA-0002,HA-0002_allsc,658.332075605,7.1476453691,670.47,625.46,666.43,644.79
332,HA-0002,Reading,660.308874637,4.04752346313,670.47,638.91,660.22,666.79
333,HA-0002,Memory,649.302298745,5.51049693731,665.0,625.46,662.73,644.79
334,HA-0002,CookieTheft,660.378806971,3.36036031091,670.12,645.25,663.36,662.05
335,HA-0002,PupilCalib,668.070670554,0.884146694781,670.16,664.98,666.43,668.5
336,HA-006,HA-006_allsc,661.395419772,22.064119933,752.39,430.23,733.87,666.06
337,HA-006,Reading,652.332499406,24.46670949,678.72,430.23,669.99,579.26
338,HA-006,Memory,653.687891351,13.6954076614,684.97,546.74,647.13,666.06
339,HA-006,CookieTheft,661.701301147,10.5323966888,725.65,626.44,678.05,673.18
340,HA-006,PupilCalib,719.550667161,8.27898637696,752.39,685.79,733.87,744.73
341,HA-016,HA-016_allsc,714.125886948,16.5413526552,800.86,661.84,697.92,740.26
342,HA-016,Reading,718.604994369,14.0749181587,748.19,661.84,722.07,733.43
343,HA-016,Memory,718.272503618,14.8630290878,800.86,677.82,720.79,740.26
344,HA-016,CookieTheft,703.200131822,18.0971442085,728.1,662.27,713.77,687.3
345,HA-016,PupilCalib,697.314208145,1.15510865896,700.5,692.72,697.92,695.43
346,HA-018,Reading,688.194635939,8.83696848001,709.51,538.46,690.07,679.86
347,HA-018,CookieTheft,685.539659496,7.55915885767,701.13,533.36,681.86,684.44
348,HA-018,PupilCalib,688.593132428,1.2896355486,691.51,682.89,687.57,688.67
349,HA-019,HA-019_allsc,684.482110842,29.0201277925,710.97,351.72,695.04,658.55
350,HA-019,Reading,687.719920444,4.94299951089,709.61,666.7,691.78,685.77
351,HA-019,Memory,678.704455485,29.7646704037,698.18,351.72,687.94,658.55
352,HA-019,CookieTheft,687.759361038,37.0673741769,710.97,416.27,695.67,693.61
353,HA-019,PupilCalib,695.265653519,1.1139695473,697.82,692.3,695.04,697.3
354,HA-025,HA-025_allsc,645.330172847,15.8823898968,700.81,463.39,646.21,640.0
355,HA-025,Reading,640.730956204,7.27756043782,660.02,607.73,655.34,617.45
356,HA-025,Memory,653.878815841,24.3793929755,700.81,463.39,656.78,640.0
357,HA-025,CookieTheft,641.419636499,5.32400302434,658.77,628.05,646.6,639.41
358,HA-025,PupilCalib,643.10602381,1.69155290035,647.09,640.05,646.21,643.05
359,HA-027,HA-027_allsc,717.810555965,5.63498023835,732.45,687.6,724.24,724.53
360,HA-027,Reading,717.918050373,5.71724926464,730.31,697.17,729.8,723.82
361,HA-027,Memory,720.867211079,4.7423012729,728.37,687.6,724.57,724.53
362,HA-027,CookieTheft,714.908400337,4.88705770577,732.45,701.2,723.34,714.23
363,HA-027,PupilCalib,722.829963154,0.895043833965,725.07,717.02,724.24,723.02
364,HA-039,HA-039_allsc,649.594753788,6.01046753229,682.35,622.12,661.28,660.74
365,HA-039,Reading,647.240745605,4.48940685598,655.01,630.73,651.99,648.59
366,HA-039,Memory,652.260448467,6.59855030566,682.35,630.01,650.06,660.74
367,HA-039,CookieTheft,647.730405864,4.4942649261,666.32,622.12,655.74,647.91
368,HA-039,PupilCalib,659.131742134,1.02417226904,661.82,656.58,661.28,658.27
369,HA-044,HA-044_allsc,712.102162524,5.41251361008,737.98,669.69,719.71,713.25
370,HA-044,Reading,710.989402198,7.96220438957,737.98,669.69,709.98,704.82
371,HA-044,Memory,712.947015939,3.78616080932,726.42,670.74,715.07,713.25
372,HA-044,CookieTheft,710.870989542,4.92480156104,731.92,685.37,718.49,702.33
373,HA-058,HA-058_allsc,641.060994714,13.5111095852,691.21,539.39,646.25,645.51
374,HA-058,Reading,636.932755613,10.5244613088,657.35,608.25,644.97,630.46
375,HA-058,Memory,635.671442861,21.16612699,691.21,544.27,631.45,645.51
376,HA-058,CookieTheft,645.314814363,10.9366927451,682.75,539.39,644.09,648.12
377,HA-058,PupilCalib,647.400483129,1.24478608556,651.65,645.02,646.25,646.37
378,HA-065,HA-065_allsc,735.289189859,11.560764179,789.56,646.16,742.88,727.71
379,HA-065,Reading,739.903198055,10.7703366958,763.65,684.42,761.08,753.61
380,HA-065,Memory,732.854908743,12.7882064025,789.56,646.16,747.81,727.71
381,HA-065,CookieTheft,734.632607042,11.2029982942,760.05,681.85,739.23,715.54
382,HA-065,PupilCalib,738.403559846,2.75075289527,744.8,732.9,742.88,737.64
383,HA-066,HA-066_allsc,676.34344487,9.78937778505,705.49,523.62,667.44,687.77
384,HA-066,Reading,667.646583957,12.6122253599,689.94,523.62,675.99,674.8
385,HA-066,Memory,683.718759556,5.9072090635,700.73,594.47,683.84,687.77
386,HA-066,CookieTheft,674.907339092,6.36188179133,705.49,615.93,673.65,674.68
387,HA-066,PupilCalib,671.786493399,0.854419025984,674.04,667.29,667.44,673.2
388,HA-068,HA-068_allsc,636.532663593,10.1700985493,659.97,559.38,647.97,632.1
389,HA-068,Reading,638.200973669,7.37075877746,650.71,597.3,633.18,636.64
390,HA-068,Memory,631.684105004,13.8197326109,659.97,559.38,643.01,632.1
391,HA-068,CookieTheft,637.95920354,4.39456616962,652.41,626.66,649.01,639.31
392,HA-068,PupilCalib,647.214306437,1.11499906181,649.63,644.43,647.97,647.16
393,HA-077,HA-077_allsc,649.939331645,9.77525589602,686.72,558.18,659.94,640.65
394,HA-077,Reading,655.431757137,7.87755409531,686.72,575.88,648.75,653.69
395,HA-077,Memory,640.556506947,5.87010882954,654.45,558.18,651.07,640.65
396,HA-077,CookieTheft,657.08348102,4.45602527071,674.05,602.93,656.8,652.75
397,HA-077,PupilCalib,659.994940014,1.3221160438,664.84,656.92,659.94,661.38
398,HA-082,HA-082_allsc,667.680686427,14.924433121,725.64,418.0,681.12,669.87
399,HA-082,Reading,662.944148581,6.89732454318,679.16,623.47,662.03,662.97
400,HA-082,Memory,671.000171496,17.1355599779,725.64,418.0,697.06,669.87
401,HA-082,CookieTheft,659.90728193,7.04739848239,682.22,635.44,676.38,659.61
402,HA-082,PupilCalib,679.366933657,1.09166191269,682.66,675.69,681.12,680.74
403,HA-086,HA-086_allsc,688.098438296,17.277628942,733.01,636.64,683.34,697.85
404,HA-086,Reading,676.947900018,11.6847118293,708.53,636.64,651.0,684.1
405,HA-086,CookieTheft,677.653072687,6.10950185877,696.46,653.79,664.04,684.81
406,HA-086,PupilCalib,680.663026197,8.39752650023,697.36,637.6,683.34,684.77
407,HA-089,HA-089_allsc,675.282984016,14.597726069,858.9,648.19,677.35,672.73
408,HA-089,Reading,673.861614319,10.481021653,713.6,653.77,692.68,660.49
409,HA-089,Memory,674.46154181,8.82002073654,712.99,655.45,672.68,672.73
410,HA-089,CookieTheft,676.432446043,18.898411141,858.9,648.19,670.16,664.95
411,HA-089,PupilCalib,675.483554717,7.97097531992,730.2,667.87,677.35,673.8
412,HA-092,HA-092_allsc,627.392458043,15.581323278,671.31,565.1,661.36,614.07
413,HA-092,Reading,630.012090909,10.4170184242,657.63,586.25,645.75,630.38
414,HA-092,Memory,619.872749669,13.4410183821,645.01,565.1,628.38,614.07
415,HA-092,CookieTheft,635.447206334,16.8256991031,671.31,579.58,661.36,613.4
416,HA-103,HA-103_allsc,629.195312318,14.7103643742,745.39,373.39,644.2,632.75
417,HA-103,Reading,633.932364797,8.82028579879,661.63,580.44,643.97,650.16
418,HA-103,Memory,621.959271574,9.54587904452,745.39,566.18,630.63,632.75
419,HA-103,CookieTheft,630.224109898,16.7267757604,661.72,373.39,648.0,634.01
420,HA-103,PupilCalib,650.575563114,5.82940972504,664.67,644.04,644.2,648.39
421,HA-104,HA-104_allsc,591.553421297,15.4205187515,799.78,450.78,602.38,581.91
422,HA-104,CookieTheft,587.82545108,11.4140584379,778.38,500.41,593.74,564.59
423,HA-104,PupilCalib,613.502997333,3.54055220287,623.38,602.38,602.38,614.45
424,HA-108,Reading,668.67498803,21.7749418835,903.22,530.42,681.39,664.27
425,HA-108,PupilCalib,695.720896287,1.39531653356,700.82,691.9,694.75,692.95
426,HA-113,HA-113_allsc,721.141519037,21.7663611813,1002.4,543.03,734.61,711.47
427,HA-113,Reading,723.945198435,24.4860125549,1002.4,652.6,718.4,715.93
428,HA-113,Memory,707.27989464,30.4974614507,738.92,543.03,713.45,711.47
429,HA-113,CookieTheft,720.76202799,5.9021341921,747.09,666.63,728.33,724.49
430,HA-113,PupilCalib,733.882921434,0.846176181693,735.89,732.11,734.61,733.08
431,HA-128,HA-128_allsc,688.125577218,14.2021489606,738.62,648.78,671.53,704.09
432,HA-128,Reading,688.169978822,4.41436942748,705.3,674.19,685.36,684.54
433,HA-128,Memory,694.523858462,8.79200104797,738.62,665.7,695.05,704.09
434,HA-128,CookieTheft,663.689382366,4.21481659854,679.05,648.78,664.2,664.18
435,HA-128,PupilCalib,664.350256211,2.66905697292,671.53,658.91,671.53,663.43
436,HA-142,HA-142_allsc,691.802256149,9.87953268584,724.16,664.07,692.78,697.67
437,HA-142,Reading,681.176624222,6.55145660656,695.19,664.07,687.02,687.69
438,HA-142,Memory,699.578175986,5.06597452657,724.16,686.96,714.89,697.67
439,HA-142,CookieTheft,686.958340289,4.83194784871,697.34,669.0,697.34,685.37
440,HA-142,PupilCalib,690.798236301,0.952340717466,693.53,687.97,692.78,690.67
441,HA-154,HA-154_allsc,650.835865806,10.2541769199,677.11,460.21,655.07,657.7
442,HA-154,Reading,647.038376479,10.854873569,677.11,460.21,657.22,664.92
443,HA-154,Memory,659.649191705,6.31438442103,668.31,627.89,664.11,657.7
444,HA-154,CookieTheft,650.967967009,9.39870272206,664.67,548.38,655.44,644.66
445,HA-154,PupilCalib,651.49713352,1.7584655322,655.79,647.86,655.07,649.84
446,HA-159,HA-159_allsc,765.647545171,12.0362398549,799.86,581.53,773.97,732.26
447,HA-159,Reading,766.395215237,7.18658914482,783.88,743.23,775.32,762.71
448,HA-159,CookieTheft,763.096037495,14.9815344107,780.79,581.53,764.01,754.79
449,HA-159,PupilCalib,769.55662781,3.79602757746,776.25,759.0,773.97,765.02
450,HA-163,HA-163_allsc,638.413596473,5.14639900526,650.16,605.21,646.03,636.05
451,HA-163,Reading,638.522928864,5.20277422384,650.16,612.52,642.21,642.47
452,HA-163,Memory,636.207352813,3.64532267617,644.12,605.21,642.98,636.05
453,HA-163,CookieTheft,636.857659574,3.92500439977,644.75,619.45,644.75,634.08
454,HA-163,PupilCalib,646.291333333,1.15809677294,649.81,643.92,646.03,644.06
455,HA-172,HA-172_allsc,651.162232429,14.0634173328,805.5,609.99,657.43,683.29
456,HA-172,Reading,650.069824103,16.9738396159,805.5,609.99,657.17,653.4
457,HA-172,Memory,660.536147594,13.1913392472,710.41,639.82,672.77,683.29
458,HA-172,CookieTheft,645.84391189,9.75037278703,706.2,622.82,650.54,633.59
459,HA-172,PupilCalib,652.936561404,3.06373520732,659.72,643.76,657.43,650.27
460,HA-177,HA-177_allsc,610.42382583,15.3736386659,649.3,428.82,649.12,624.36
461,HA-177,Reading,608.089898669,10.9101590048,627.42,555.96,607.48,610.71
462,HA-177,Memory,607.860217089,13.6821410652,636.66,428.82,621.05,624.36
463,HA-177,CookieTheft,604.648928571,9.1259969173,621.45,581.59,610.04,591.39
464,HA-177,PupilCalib,645.082602076,1.44952543007,649.3,641.1,649.12,644.13
465,HA-181,Reading,666.811805132,12.2114555067,685.05,560.29,654.48,658.24
466,HA-181,CookieTheft,660.009315868,6.73766825731,680.61,530.44,656.7,662.33
467,HA-181,PupilCalib,655.2233695,1.10303027738,658.73,651.03,655.46,654.93
468,HA-192,HA-192_allsc,647.452156481,12.806182329,685.59,566.36,650.1,639.51
469,HA-192,Reading,646.091831959,13.3790989029,685.59,620.48,668.91,632.31
470,HA-192,Memory,644.075593993,16.2928801901,674.51,566.36,638.64,639.51
471,HA-192,CookieTheft,651.062361166,8.46131113051,671.99,628.98,653.87,638.71
472,HA-192,PupilCalib,650.234667697,1.29271532876,655.82,647.6,650.1,650.92
473,HA-196,HA-196_allsc,664.857662102,6.79432027426,686.6,645.4,662.81,665.95
474,HA-196,Reading,663.48112007,6.26679702687,679.81,647.14,665.03,660.65
475,HA-196,Memory,666.930008036,7.66308039476,686.6,651.26,671.6,665.95
476,HA-196,CookieTheft,663.847486865,6.20040643386,681.01,645.4,663.79,671.56
477,HA-196,PupilCalib,664.098607199,0.974717886143,665.97,662.2,662.81,663.72
478,HC-116,HC-116_allsc,686.259242401,10.2088124735,769.23,650.47,691.31,695.84
479,HC-116,Reading,681.467154764,10.8979828437,707.77,651.05,701.57,676.19
480,HC-116,Memory,696.631629942,4.57418574208,769.23,687.71,704.31,695.84
481,HC-116,CookieTheft,685.310697652,9.33933228334,709.63,650.47,693.61,685.11
482,HC-116,PupilCalib,689.142778281,0.995882451647,691.67,686.95,691.31,688.77
483,HE-012,HE-012_allsc,694.173605102,13.1836722267,720.16,615.57,686.47,676.78
484,HE-012,Reading,689.577253907,12.2518879272,708.15,615.57,692.23,690.29
485,HE-012,Memory,688.647439439,15.8603320401,716.67,634.61,698.41,676.78
486,HE-012,CookieTheft,703.418276476,7.23684989112,720.16,676.13,687.12,709.55
487,HE-012,PupilCalib,692.857358621,1.18416845215,695.72,686.47,686.47,694.44
488,HE-022,HE-022_allsc,628.096983459,14.2946914924,670.29,577.92,653.11,628.31
489,HE-022,Reading,625.493215464,12.7023086492,652.93,583.89,614.92,630.48
490,HE-022,Memory,619.233905905,11.1584978909,643.12,579.67,598.56,628.31
491,HE-022,CookieTheft,633.403011318,12.4830972691,670.29,577.92,642.73,622.19
492,HE-022,PupilCalib,649.576115166,3.99442831228,655.31,638.86,653.11,649.56
493,HE-030,HE-030_allsc,640.99269282,6.38956796967,660.73,601.87,631.07,656.2
494,HE-030,Reading,642.031875418,5.11569198965,654.46,620.79,646.85,641.38
495,HE-030,Memory,648.897175194,3.3915460402,660.73,632.57,649.3,656.2
496,HE-030,CookieTheft,639.239459203,5.17064576413,655.31,601.87,632.04,649.6
497,HE-030,PupilCalib,630.62816758,2.06951316192,635.06,625.61,631.07,631.2
498,HE-078,HE-078_allsc,665.140067788,8.35350280592,697.6,480.73,662.37,566.93
499,HE-078,Reading,659.369288946,7.20384645899,674.92,634.28,660.93,665.37
500,HE-078,Memory,670.383653239,8.8051335159,697.6,480.73,668.35,566.93
501,HE-078,CookieTheft,662.656389058,2.97560697289,676.65,650.38,661.77,655.75
502,HE-078,PupilCalib,663.136185484,0.984280999424,666.48,660.12,662.37,662.78
503,HE-095,HE-095_allsc,663.45416447,15.214833965,704.4,409.41,668.34,652.6
504,HE-095,Reading,665.414655369,17.240615663,704.4,630.25,667.98,691.53
505,HE-095,Memory,663.044164981,11.607742055,700.1,606.24,682.99,652.6
506,HE-095,CookieTheft,662.916527951,16.0589970015,699.51,409.41,686.1,660.56
507,HE-095,PupilCalib,671.670383693,0.746788224775,673.58,668.34,668.34,670.94
508,HE-099,CookieTheft,594.831780858,7.08641064393,688.69,506.34,597.94,626.47
509,HE-099,PupilCalib,614.417461929,3.01883432225,621.42,608.36,612.63,609.17
510,HE-115,HE-115_allsc,674.431630299,12.8803748593,748.54,577.44,690.85,666.34
511,HE-115,Reading,672.114827586,14.383628358,695.67,577.44,688.04,662.38
512,HE-115,CookieTheft,675.904736093,13.246274933,748.54,601.83,687.47,664.81
513,HE-115,PupilCalib,686.685246914,4.01710215777,694.4,672.59,690.85,677.65
514,HE-119,HE-119_allsc,639.506521711,10.0527937279,660.22,586.3,658.07,605.19
515,HE-119,Reading,639.972824454,5.74212956749,658.03,621.07,644.42,635.55
516,HE-119,Memory,626.878680683,10.9193345348,652.61,586.3,641.15,605.19
517,HE-119,CookieTheft,643.280840404,4.11886683367,654.24,632.57,652.24,643.57
518,HE-119,PupilCalib,654.181267399,1.76580282295,660.22,651.0,658.07,654.85
519,HE-130,HE-130_allsc,673.413451651,6.74388578841,710.45,648.67,662.1,663.01
520,HE-130,Reading,673.936506761,6.58045197201,694.71,658.24,689.15,666.83
521,HE-130,Memory,677.107598662,7.26345445938,694.55,650.78,668.27,663.01
522,HE-130,CookieTheft,671.009150203,5.25448847001,710.45,648.67,670.59,672.02
523,HE-130,PupilCalib,668.237491456,1.53907208477,672.41,662.1,662.1,668.98
524,HE-150,HE-150_allsc,758.371331899,6.94298248278,782.67,721.24,757.82,759.22
525,HE-150,Reading,756.060687657,7.43657750607,778.68,721.24,759.45,760.11
526,HE-150,Memory,763.788239027,4.04265579472,778.58,754.63,760.4,759.22
527,HE-150,CookieTheft,759.604359627,5.0211658153,782.67,740.31,758.03,761.95
528,HE-150,PupilCalib,754.36203336,1.23298486001,758.91,751.9,757.82,754.0
529,HE-155,HE-155_allsc,629.734342868,55.8397163421,704.79,455.39,622.48,654.51
530,HE-155,Reading,672.555370413,12.4356755184,704.79,610.83,670.17,669.57
531,HE-155,PupilCalib,621.740958904,1.28823538529,625.53,617.73,622.48,622.27
532,HH-029,HH-029_allsc,666.18800979,9.19438198484,704.0,579.29,681.55,641.88
533,HH-029,Reading,665.911771598,8.9600368089,687.8,615.99,676.81,660.67
534,HH-029,Memory,664.163377554,8.87058780906,704.0,579.29,678.03,641.88
535,HH-029,CookieTheft,670.453376594,6.68403530213,689.68,655.99,668.84,665.1
536,HH-029,PupilCalib,679.407556918,6.70868369229,686.77,585.09,681.55,676.05
537,HH-053,HH-053_allsc,665.42405516,16.4455114899,713.81,609.71,663.84,702.99
538,HH-053,Reading,669.909515396,9.27608460186,698.39,636.31,678.67,697.98
539,HH-053,Memory,657.246028417,19.8464004001,713.81,612.42,702.78,702.99
540,HH-053,CookieTheft,666.770850123,16.353353958,709.32,609.71,696.81,705.98
541,HH-053,PupilCalib,666.818082557,1.22174809443,669.83,663.33,663.84,668.75
542,HH-055,HH-055_allsc,658.013432076,7.60136382369,678.02,620.57,675.58,656.88
543,HH-055,Reading,651.95852329,7.35919635793,668.3,620.57,663.08,648.77
544,HH-055,Memory,661.069543598,1.9617710945,665.24,655.04,660.08,656.88
545,HH-055,CookieTheft,659.074685393,6.74786922255,678.02,638.66,672.49,661.58
546,HH-055,PupilCalib,668.387022961,2.09772883116,677.99,665.88,675.58,667.14
547,HH-056,HH-056_allsc,676.137826152,12.180989004,699.35,573.96,684.57,670.28
548,HH-056,Reading,678.937208772,16.6232595662,699.35,573.96,684.08,671.86
549,HH-056,Memory,673.472095508,8.84226042587,690.42,616.12,665.83,670.28
550,HH-056,CookieTheft,673.557570606,9.01508989552,693.06,643.9,679.48,651.14
551,HH-056,PupilCalib,688.972086022,1.34864197322,693.43,684.57,684.57,690.16
552,HH-076,HH-076_allsc,653.450375359,15.9024484055,980.14,583.2,673.6,644.97
553,HH-076,Reading,655.367960601,17.829501113,821.48,617.95,682.34,646.93
554,HH-076,Memory,646.378946396,26.6101453118,980.14,583.2,667.11,644.97
555,HH-076,CookieTheft,654.027670325,10.5440754133,762.61,611.25,669.95,655.01
556,HH-076,PupilCalib,668.226522423,2.53262958629,675.82,663.68,673.6,664.13
557,HH-098,HH-098_allsc,669.324376283,9.28170057185,700.3,625.62,659.93,651.97
558,HH-098,Reading,665.558686415,8.85999670271,680.58,625.62,675.51,665.96
559,HH-098,Memory,676.624319645,8.28003428963,700.3,631.7,690.75,651.97
560,HH-098,CookieTheft,667.668888889,5.25152448591,679.35,652.05,669.6,663.84
561,HH-098,PupilCalib,661.249438202,1.83378707328,665.62,657.35,659.93,660.35
562,HI-010,HI-010_allsc,704.722552844,26.5302643509,767.22,606.38,679.42,746.13
563,HI-010,Reading,727.030441147,4.78944865412,744.97,685.64,739.9,720.47
564,HI-010,CookieTheft,682.182297445,7.59798647902,702.81,606.38,698.08,673.15
565,HI-010,PupilCalib,675.573757813,1.63435426344,681.48,672.79,679.42,673.93
566,HI-020,HI-020_allsc,982.076359264,12.1235674667,1009.96,906.36,989.84,969.95
567,HI-020,Reading,979.481910641,11.5630846927,1009.96,916.69,977.45,993.07
568,HI-020,CookieTheft,983.524467163,11.8344674826,1007.83,906.36,932.37,1001.19
569,HI-020,PupilCalib,998.930759599,8.25609794175,1007.81,975.24,989.84,1000.42
570,HI-034,HI-034_allsc,670.862576466,5.67305212436,694.11,609.93,671.73,673.54
571,HI-034,Reading,669.155814323,7.37105774218,694.11,630.43,664.63,669.63
572,HI-034,Memory,671.212901162,5.88840488757,685.87,609.93,678.85,673.54
573,HI-034,CookieTheft,670.595673518,3.26878710268,683.89,660.06,680.51,675.96
574,HI-034,PupilCalib,675.940600445,0.738256232829,678.17,671.73,671.73,675.64
575,HI-036,HI-036_allsc,726.640035531,6.74365724529,746.79,679.39,730.33,726.96
576,HI-036,Reading,721.567669344,6.14448797645,734.95,679.39,727.22,726.95
577,HI-036,Memory,735.527422822,3.22782468861,746.79,726.94,734.81,726.96
578,HI-036,CookieTheft,726.033044215,4.11468899863,740.09,710.28,725.81,726.34
579,HI-036,PupilCalib,727.792572777,2.75794301515,733.72,717.06,730.33,728.19
580,HI-041,HI-041_allsc,643.373466155,6.60641647466,688.1,563.9,638.51,642.85
581,HI-041,Reading,640.847300919,6.14686944951,652.01,605.62,644.72,625.97
582,HI-041,Memory,643.160040134,7.1251140323,688.1,563.9,639.8,642.85
583,HI-041,CookieTheft,647.229177079,5.55028697167,658.47,630.41,639.46,646.11
584,HI-041,PupilCalib,643.091022649,2.33399303184,647.43,638.37,638.51,644.88
585,HI-042,HI-042_allsc,651.455113335,5.66086902946,691.02,616.34,657.6,647.44
586,HI-042,Reading,648.325722535,5.09649208584,660.02,636.05,656.0,650.15
587,HI-042,CookieTheft,650.401825413,3.54960154783,663.65,616.72,657.0,647.18
588,HI-042,PupilCalib,660.005248062,0.970474986526,662.26,657.6,657.6,658.39
589,HI-052,Reading,654.269766228,9.93879457058,682.03,612.81,662.74,658.59
590,HI-052,CookieTheft,657.447107113,5.80844397692,667.71,569.61,653.3,659.51
591,HI-052,PupilCalib,661.696964286,1.6554946455,665.28,656.4,662.27,660.38
592,HI-097,HI-097_allsc,662.370688596,10.8673953441,685.56,559.43,672.77,671.58
593,HI-097,Reading,660.605027281,10.8155515069,675.67,559.43,654.34,669.82
594,HI-097,Memory,667.873991493,3.94439543355,685.56,605.91,675.5,671.58
595,HI-097,CookieTheft,657.346259361,12.5493171286,683.34,596.58,666.71,651.89
596,HI-097,PupilCalib,671.543554396,1.74141489473,677.02,665.39,672.77,671.79
597,HI-120,HI-120_allsc,654.283468558,9.94802820023,705.33,585.82,665.73,633.18
598,HI-120,Reading,660.098691235,10.0182485329,705.33,591.69,668.86,664.15
599,HI-120,Memory,645.734839189,10.4709855443,678.18,585.82,669.15,633.18
600,HI-120,CookieTheft,653.868122913,6.19343010506,670.78,597.3,661.47,663.84
601,HI-120,PupilCalib,662.64400767,1.91795332572,667.33,659.83,665.73,662.55
602,HI-121,HI-121_allsc,648.471259807,17.1548592255,679.76,387.91,639.67,666.99
603,HI-121,Reading,653.063198783,11.6900386771,679.76,578.97,657.46,647.93
604,HI-121,Memory,651.66739877,21.0028115773,679.38,410.91,674.02,666.99
605,HI-121,CookieTheft,645.185209144,12.9836620469,676.17,387.91,645.39,645.56
606,HI-121,PupilCalib,638.573509749,1.14563026806,640.59,635.36,639.67,637.49
607,HI-131,HI-131_allsc,698.496597116,6.2806531795,715.27,610.82,701.07,698.87
608,HI-131,Reading,697.383852723,5.84027042645,710.94,669.88,702.77,672.24
609,HI-131,Memory,698.68998529,7.921761426,715.27,610.82,703.82,698.87
610,HI-131,CookieTheft,698.477886357,5.2713624563,711.66,685.73,698.91,694.21
611,HI-131,PupilCalib,703.016472103,1.2556375964,706.13,699.61,701.07,700.36
612,HI-132,HI-132_allsc,547.61149727,13.4701936798,611.4,503.6,574.0,611.4
613,HI-132,Reading,543.128645488,7.8269404682,558.84,503.6,558.64,539.91
614,HI-132,Memory,539.196112159,6.90538007682,611.4,512.77,551.48,611.4
615,HI-132,CookieTheft,557.754161391,9.88522507679,578.62,519.34,575.34,554.95
616,HI-132,PupilCalib,581.355562219,1.07561463032,585.08,574.0,574.0,582.37
617,HI-134,HI-134_allsc,729.762305642,10.54459315,812.59,593.97,741.37,732.81
618,HI-134,Reading,729.608662909,7.43992119377,745.05,702.6,736.82,735.57
619,HI-134,Memory,728.859268826,12.2330305254,812.59,593.97,738.75,732.81
620,HI-134,CookieTheft,730.848914276,6.79785395168,774.02,659.39,743.36,728.68
621,HI-134,PupilCalib,740.653166939,0.935683821007,742.47,738.31,741.37,739.78
622,HI-144,HI-144_allsc,595.374354413,13.5265025841,632.98,423.71,589.44,529.06
623,HI-144,Reading,601.606996431,8.97317530387,631.03,551.54,596.82,607.94
624,HI-144,Memory,583.581799534,11.9585405141,601.2,429.75,587.19,529.06
625,HI-144,CookieTheft,601.73539792,11.0046194914,632.98,423.71,591.09,594.8
626,HI-144,PupilCalib,588.036099099,1.77716043076,592.07,584.03,589.44,589.24
627,HI-148,HI-148_allsc,668.263597164,12.1826973131,719.47,638.26,663.19,646.41
628,HI-148,Reading,671.86697871,14.6026452565,719.47,642.29,660.7,674.7
629,HI-148,Memory,658.410327181,6.40402351838,672.4,638.26,669.44,646.41
630,HI-148,CookieTheft,670.082325764,8.12781324789,707.67,655.34,661.21,683.86
631,HI-148,PupilCalib,663.480272459,0.893126705789,667.36,661.75,663.19,662.7
632,HL-060,HL-060_allsc,679.911530165,7.29027045529,703.82,582.57,694.02,658.7
633,HL-060,Reading,678.80955408,5.26067277101,692.22,647.03,680.44,692.22
634,HL-060,Memory,680.16377839,9.84212796828,703.82,582.57,680.56,658.7
635,HL-060,CookieTheft,678.673341852,5.4986466848,692.56,664.13,691.83,675.5
636,HL-060,PupilCalib,693.363463643,0.591887617317,695.55,692.24,694.02,693.08
637,HL-062,PupilCalib,673.17621232,3.00023598232,680.98,667.2,674.68,671.6
638,HL-074,HL-074_allsc,653.614101613,14.8113299781,686.75,579.96,680.5,684.57
639,HL-074,Reading,651.403711674,10.8526705439,680.27,623.04,659.49,646.42
640,HL-074,CookieTheft,654.968485194,10.4423731694,680.35,625.81,674.22,652.5
641,HL-074,PupilCalib,678.347579618,2.916039247,685.96,667.5,680.5,684.37
642,HL-111,Reading,656.539331889,5.82667111209,678.51,632.67,652.7,652.74
643,HL-111,CookieTheft,653.767289148,3.15394753774,673.79,640.86,658.92,650.63
644,HL-111,PupilCalib,660.6825132,2.44730377994,665.21,654.45,658.58,657.3
645,HL-145,HL-145_allsc,443.056655366,80.2449600749,656.77,332.51,503.12,428.99
646,HL-145,CookieTheft,470.50236035,68.6910432008,656.77,332.51,504.24,332.75
647,HL-145,PupilCalib,511.01973607,7.4226422217,538.09,503.09,503.12,517.87
648,HL-168,HL-168_allsc,632.546434436,15.093096304,674.98,522.53,668.62,640.09
649,HL-168,Reading,625.409503083,5.32452285138,641.54,609.55,637.43,624.22
650,HL-168,Memory,637.627038875,3.78911081723,674.6,617.8,641.71,640.09
651,HL-168,CookieTheft,625.624218912,12.9554806613,654.86,522.53,654.86,618.62
652,HL-168,PupilCalib,671.213177966,0.952079998997,674.98,668.41,668.62,671.58
653,HL-176,HL-176_allsc,663.841919474,11.0973031076,681.34,532.2,665.83,664.4
654,HL-176,Reading,663.494179612,6.04756700748,681.34,613.05,673.31,668.26
655,HL-176,Memory,663.285532618,22.0755618409,676.81,532.2,671.13,664.4
656,HL-176,CookieTheft,666.085794224,2.7319566573,674.05,650.31,667.33,670.63
657,HL-176,PupilCalib,663.818274303,6.09708258921,668.77,618.81,665.83,663.79
658,HN-183,HN-183_allsc,655.774880771,7.05082029939,685.51,535.72,646.56,670.14
659,HN-183,Reading,661.491873525,5.96897435178,673.26,631.85,662.21,652.89
660,HN-183,Memory,657.028821782,6.17352451336,671.56,634.13,667.95,670.14
661,HN-183,CookieTheft,654.453504277,6.57289335904,685.51,535.72,653.37,668.97
662,HN-183,PupilCalib,647.942839771,0.944374151687,652.07,645.84,646.56,648.14
663,HO-032,HO-032_allsc,691.295900265,19.271891145,1005.02,592.86,698.16,689.7
664,HO-032,Reading,695.544031452,29.7052295043,1005.02,592.86,699.03,595.32
665,HO-032,Memory,686.293614363,10.1889276356,707.77,623.35,697.98,689.7
666,HO-032,CookieTheft,691.033776447,8.60187916936,720.66,607.24,694.84,697.18
667,HO-032,PupilCalib,692.23008346,1.48610069826,698.17,688.64,698.16,690.64
668,HO-033,HO-033_allsc,683.816509434,13.023778041,716.18,622.81,704.9,676.83
669,HO-033,Reading,684.652595577,4.22643618223,699.13,666.96,688.85,683.15
670,HO-033,PupilCalib,706.388440945,0.991006410738,709.91,703.24,704.9,705.95
671,HO-038,HO-038_allsc,658.312340426,8.48578193765,866.25,490.81,674.85,654.67
672,HO-038,Reading,657.790691541,5.35549917241,666.73,631.83,663.79,662.78
673,HO-038,Memory,658.126601283,2.97753184706,665.27,605.19,660.6,654.67
674,HO-038,CookieTheft,657.292194039,11.2972812665,866.25,490.81,670.35,656.96
675,HO-038,PupilCalib,672.044770504,0.983789680161,674.86,669.22,674.85,671.84
676,HO-070,HO-070_allsc,633.285024173,12.5300309695,773.85,481.17,635.31,623.09
677,HO-070,Reading,623.657881508,16.4597351057,773.85,481.17,636.51,616.36
678,HO-070,CookieTheft,630.1194625,10.990690905,753.55,560.33,634.36,627.24
679,HO-070,PupilCalib,634.398937568,1.47120105094,637.72,630.39,635.31,634.37
680,HO-071,HO-071_allsc,664.407344121,14.628958579,794.7,562.7,659.25,690.11
681,HO-071,Reading,658.987844088,11.1302799423,756.66,617.5,657.56,664.62
682,HO-071,CookieTheft,666.186710459,14.6072551426,794.7,562.7,662.05,658.28
683,HO-071,PupilCalib,661.898665595,1.84616546896,667.48,651.8,659.25,664.56
684,HO-072,HO-072_allsc,678.09484732,9.4754405817,708.52,636.58,678.9,664.0
685,HO-072,Reading,680.338648479,9.86918719293,708.52,645.23,700.09,680.85
686,HO-072,Memory,669.367672008,6.92800733254,688.24,636.58,675.31,664.0
687,HO-072,CookieTheft,680.667864092,7.86008294716,703.52,647.68,683.8,684.9
688,HO-072,PupilCalib,682.328580357,1.76293291928,691.85,678.54,678.9,679.47
689,HO-075,HO-075_allsc,631.182220498,5.88256155575,649.1,560.42,638.56,636.69
690,HO-075,Reading,628.922169811,6.56668814304,649.1,610.5,644.39,630.81
691,HO-075,Memory,634.027138158,7.38098940794,647.77,560.42,632.52,636.69
692,HO-075,CookieTheft,630.540891589,3.96158095843,639.59,618.26,634.64,631.43
693,HO-075,PupilCalib,638.068189438,1.16873400258,641.22,635.38,638.56,635.5
694,HO-106,HO-106_allsc,670.960460124,6.04255284227,704.6,626.03,666.41,664.77
695,HO-106,Reading,671.156582606,5.63072405757,691.57,658.4,679.62,669.19
696,HO-106,Memory,670.701968845,6.87733615435,704.6,626.03,676.77,664.77
697,HO-106,CookieTheft,672.785441907,3.67103817782,688.44,663.44,673.61,672.31
698,HO-106,PupilCalib,668.125269143,0.972901609268,670.16,665.1,666.41,667.67
699,HO-124,HO-124_allsc,632.48162096,11.7430534059,959.73,516.57,631.62,627.97
700,HO-124,Reading,630.844313416,20.2489143385,959.73,559.72,631.91,626.38
701,HO-124,Memory,632.015176568,9.81729562383,701.96,564.09,642.55,627.97
702,HO-124,CookieTheft,633.987341374,5.94367653624,679.7,516.57,636.53,641.13
703,HO-124,PupilCalib,631.728116197,0.959304065232,634.94,629.14,631.62,631.59
704,HO-136,HO-136_allsc,720.356858193,7.8314773079,737.01,689.88,721.14,730.44
705,HO-136,Reading,715.159841897,6.97432676242,730.39,689.88,721.67,718.65
706,HO-136,Memory,729.748759728,5.08458698293,737.01,699.78,728.83,730.44
707,HO-136,CookieTheft,720.925847548,3.2166517708,727.11,713.54,725.61,721.05
708,HO-136,PupilCalib,721.891585082,0.87047124687,724.12,719.98,721.14,720.9
709,HO-158,HO-158_allsc,719.578461725,8.99907949398,752.81,688.0,740.42,727.68
710,HO-158,Reading,717.432248761,8.1065091334,737.37,688.0,719.84,704.61
711,HO-158,Memory,716.996565108,6.53950527406,752.81,694.03,723.98,727.68
712,HO-158,CookieTheft,721.717078073,8.16771911148,747.08,697.17,728.3,714.53
713,HO-158,PupilCalib,743.751730463,1.93800305003,747.35,740.06,740.42,745.95
714,HO-162,HO-162_allsc,621.819718257,19.0720939805,779.16,553.37,664.76,639.19
715,HO-162,Reading,620.068644587,9.23282036287,644.46,583.79,635.89,633.08
716,HO-162,CookieTheft,613.494215668,21.7548182423,779.16,553.37,648.9,648.47
717,HO-162,PupilCalib,661.582642114,1.84091303491,667.8,656.28,664.76,657.21
718,HO-165,HO-165_allsc,645.582746453,8.79412093056,671.19,573.6,646.12,614.01
719,HO-165,Reading,651.247082977,10.0590141329,671.19,614.17,651.46,636.73
720,HO-165,CookieTheft,644.155085614,6.41671173254,662.97,573.6,632.99,656.71
721,HO-165,PupilCalib,651.396726272,1.32991288597,660.85,641.08,646.12,653.23
722,HO-187,HO-187_allsc,649.807397352,40.0436943579,749.86,473.26,675.42,617.33
723,HO-187,Memory,609.49623645,34.5014586429,712.08,504.72,592.88,617.33
724,HO-187,CookieTheft,671.365732794,27.3399649383,700.81,473.26,642.1,661.11
725,HO-187,PupilCalib,684.817867104,4.58576451309,688.41,637.42,675.42,686.53
726,HO-188,HO-188_allsc,634.12946442,18.6230848212,919.86,607.61,637.53,638.05
727,HO-188,Reading,638.756678614,30.7995575095,919.86,607.61,645.99,629.04
728,HO-188,Memory,634.654770913,2.89625901641,643.21,620.86,643.21,638.05
729,HO-188,CookieTheft,627.812310417,4.02883960841,638.13,613.06,630.22,626.97
730,HO-188,PupilCalib,638.237327044,0.975388123822,640.51,635.17,637.53,637.82
731,HO-193,HO-193_allsc,684.932989972,14.2926202041,957.39,437.27,661.89,693.88
732,HO-193,Reading,693.523709724,14.4690738413,957.39,437.27,684.57,699.53
733,HO-193,Memory,692.979005153,2.6682855586,701.41,682.54,688.61,693.88
734,HO-193,CookieTheft,675.90887374,7.60102082367,713.23,632.19,667.35,686.33
735,HO-193,PupilCalib,662.05787617,0.718564468449,664.37,660.44,661.89,660.84
736,HP-138,HP-138_allsc,627.295067003,8.63750440772,666.38,579.67,626.23,634.55
737,HP-138,Reading,623.952213839,8.94591494666,657.8,608.68,622.58,622.51
738,HP-138,Memory,629.580004716,7.46240097434,666.38,579.67,622.55,634.55
739,HP-138,CookieTheft,628.58630711,8.98280437067,665.56,608.44,634.13,624.95
740,HP-138,PupilCalib,627.243704333,1.98097920564,634.12,622.01,626.23,627.3
741,HR-014,HR-014_allsc,658.629389519,20.8992523937,703.65,526.06,681.65,613.44
742,HR-014,Reading,659.684956889,18.663766078,687.64,594.83,638.02,677.68
743,HR-014,Memory,659.038056805,19.0857627405,703.65,526.06,657.92,613.44
744,HR-014,CookieTheft,654.14563632,23.8539809145,687.53,586.78,660.05,669.14
745,HR-014,PupilCalib,679.531803279,2.35229006343,682.43,665.3,681.65,678.51
746,HR-047,HR-047_allsc,659.551599202,15.9553954198,811.9,444.83,668.68,679.04
747,HR-047,Reading,655.248845825,15.7721240316,802.45,444.83,668.65,602.97
748,HR-047,CookieTheft,664.047895637,10.0127049393,811.9,634.82,659.16,668.12
749,HR-047,PupilCalib,674.25952459,8.45811729004,684.59,598.87,668.68,674.25
750,HR-102,HR-102_allsc,662.669749832,10.2255901437,690.38,632.33,681.15,685.44
751,HR-102,Reading,663.301591893,7.10001138412,690.38,645.19,666.4,648.47
752,HR-102,Memory,659.504298777,9.08243863673,687.82,632.33,677.12,685.44
753,HR-102,CookieTheft,662.69103713,11.0341117707,685.26,634.09,681.2,666.64
754,HR-102,PupilCalib,680.352069805,1.15008600745,682.83,677.02,681.15,680.03
755,HR-107,HR-107_allsc,701.797197319,13.4433647842,742.03,644.45,697.22,703.55
756,HR-107,Reading,697.348603243,4.69197986477,710.46,680.2,708.08,693.62
757,HR-107,Memory,711.547483693,9.82343550232,742.03,644.45,742.03,703.55
758,HR-107,CookieTheft,685.912516417,3.36624150487,695.45,673.67,687.2,683.13
759,HR-107,PupilCalib,697.596907954,2.14019838027,702.37,689.08,697.22,702.37
760,HR-110,HR-110_allsc,687.13256956,5.13219934677,716.52,663.42,688.92,683.96
761,HR-110,Reading,692.749808429,3.94458322422,716.52,671.19,689.99,687.74
762,HR-110,Memory,685.792137662,3.95754712207,698.2,663.42,686.8,683.96
763,HR-110,CookieTheft,684.791960066,4.46902272796,695.81,667.9,688.95,693.83
764,HR-110,PupilCalib,687.618943218,1.55647254232,690.55,684.19,688.92,684.81
765,HR-133,HR-133_allsc,649.221256324,12.279405756,728.14,450.69,647.36,639.74
766,HR-133,Reading,645.225145134,7.97661189226,684.16,611.39,639.93,647.5
767,HR-133,CookieTheft,649.256102547,9.08677286815,684.38,604.88,646.6,654.62
768,HR-133,PupilCalib,653.358350731,2.85753245632,658.97,644.51,647.36,652.43
769,HR-151,HR-151_allsc,703.486007463,8.16501495385,730.95,526.16,698.18,700.25
770,HR-151,Reading,702.164245878,5.50429791043,719.47,674.57,698.78,696.09
771,HR-151,Memory,704.048840178,7.56179000611,730.3,683.76,695.03,700.25
772,HR-151,CookieTheft,706.266762205,10.9426661515,730.95,526.16,696.48,703.81
773,HR-151,PupilCalib,698.122718894,1.32937548551,702.09,693.78,698.18,700.32
774,HR-179,HR-179_allsc,725.698386763,15.1375380868,743.48,421.19,733.79,728.3
775,HR-179,Reading,720.998880407,12.0013224278,743.48,566.58,722.18,717.01
776,HR-179,Memory,730.419937284,3.73550226348,738.98,716.98,730.59,728.3
777,HR-179,CookieTheft,724.994645027,19.8305601904,739.65,421.19,728.81,727.6
778,HR-179,PupilCalib,735.750403522,1.05703825211,738.39,731.77,733.79,735.33
779,HS-085,HS-085_allsc,691.166644854,12.2702747007,735.77,663.54,696.78,697.97
780,HS-085,Reading,696.48086551,10.8689736154,723.22,667.3,711.3,721.77
781,HS-085,Memory,699.639975806,14.5449679428,735.77,663.54,706.06,697.97
782,HS-085,CookieTheft,684.27132673,9.37638288398,712.25,663.92,700.14,667.08
783,HS-085,PupilCalib,693.461045959,1.62827655864,697.92,690.91,696.78,691.27
784,HT-064,HT-064_allsc,672.922949927,11.9323858688,1002.29,635.68,676.95,673.32
785,HT-064,Reading,670.959626671,18.2902148532,1002.29,635.68,677.28,677.76
786,HT-064,Memory,673.164654756,3.9991837629,686.6,658.96,671.7,673.32
787,HT-064,CookieTheft,674.719144999,4.40969766541,752.58,664.53,675.92,679.9
788,HT-064,PupilCalib,675.617779553,1.05984472686,680.52,673.24,676.95,675.84
789,HU-048,HU-048_allsc,661.735932573,30.9014107006,793.13,352.16,681.5,425.64
790,HU-048,Reading,667.644754432,11.5175245954,793.13,568.36,669.38,658.64
791,HU-048,Memory,651.561030363,39.9520152239,721.33,352.16,661.15,425.64
792,HU-048,CookieTheft,672.698480689,13.4177820664,740.42,436.36,680.45,436.36
793,HU-048,PupilCalib,680.853347985,0.977140705697,683.96,678.26,681.5,681.69
794,HU-079,HU-079_allsc,684.181401665,5.32634614276,702.75,647.87,688.9,677.39
795,HU-079,Reading,687.071414388,7.53772016152,702.75,647.87,689.18,689.92
796,HU-079,Memory,681.072769063,2.96334412643,692.6,670.08,682.95,677.39
797,HU-079,CookieTheft,685.642240671,2.91091964345,692.75,675.87,689.8,688.72
798,HU-079,PupilCalib,685.919056458,1.1154680288,688.9,684.04,688.9,684.04
799,HU-081,HU-081_allsc,686.093836014,6.24668011213,717.34,622.13,682.3,689.28
800,HU-081,Reading,688.300649567,6.91401042144,717.34,667.17,701.18,686.69
801,HU-081,Memory,687.829954197,3.90750909925,700.07,622.13,683.28,689.28
802,HU-081,CookieTheft,682.692658923,6.51580511114,702.03,647.93,687.77,681.32
803,HU-081,PupilCalib,690.086664185,2.27148829136,694.18,682.3,682.3,687.79
804,HU-153,HU-153_allsc,660.283227578,9.35447602254,690.43,582.81,665.97,652.45
805,HU-153,Reading,660.870503612,8.47320977747,681.68,630.72,655.48,656.9
806,HU-153,Memory,656.410784161,13.8460148254,690.43,582.81,663.88,652.45
807,HU-153,CookieTheft,661.704536633,5.68371694215,677.65,622.43,668.08,659.21
808,HU-153,PupilCalib,664.059124036,1.56297922918,667.49,661.13,665.97,666.42
809,HV-160,HV-160_allsc,671.693199433,10.2011647715,695.21,637.96,689.74,673.71
810,HV-160,Reading,669.57360568,4.25451129149,680.71,656.26,674.5,675.55
811,HV-160,Memory,679.276005548,6.92017764107,695.21,651.05,691.07,673.71
812,HV-160,CookieTheft,664.234944847,8.82746929816,683.55,637.96,681.88,672.33
813,HV-160,PupilCalib,688.388279743,1.20954933286,693.07,685.8,689.74,687.68
