,interview,task,blinknum,blinkdurationtotal,blinkdurationmean,blinkdurationstd,blinkdurationmin,blinkdurationmax,blinkrate
0,EA-004,EA-004_allsc,25,3733,149.32,36.8009510747,100,242,0.000137205077686
1,EA-004,Reading,10,1609,160.9,42.3751761714,116,242,0.000160253842086
2,EA-004,Memory,11,1616,146.909090909,33.2940071047,100,192,0.000171939477304
3,EA-004,CookieTheft,4,508,127.0,24.899799196,100,158,9.69673462462e-05
4,EA-004,PupilCalib,0,-1,-1.0,-1.0,-1,-1,-1.0
5,EA-007,EA-007_allsc,78,14480,185.641025641,48.4958089926,100,292,0.000490106755305
6,EA-007,Reading,26,4900,188.461538462,48.0018589384,117,283,0.000513509243166
7,EA-007,CookieTheft,13,2325,178.846153846,39.6964443283,125,242,0.000471048626712
8,EA-007,PupilCalib,0,-1,-1.0,-1.0,-1,-1,-1.0
9,EA-009,EA-009_allsc,70,13758,196.542857143,55.663764321,100,300,0.000480881524532
10,EA-009,Reading,25,3871,154.84,57.5823178878,100,267,0.000497522338753
11,EA-009,Memory,42,9269,220.69047619,36.2756977679,142,300,0.00111219977226
12,EA-009,CookieTheft,2,501,250.5,12.0208152802,242,259,4.37435751624e-05
13,EA-009,PupilCalib,1,117,117.0,0.0,117,117,8.45094228006e-05
14,EA-049,EA-049_allsc,74,12232,165.297297297,37.2557726445,100,275,0.000277307271446
15,EA-049,Reading,5,775,155.0,26.9536639439,133,192,0.000106828476199
16,EA-049,Memory,41,7627,186.024390244,34.1939232941,125,275,0.000458797726154
17,EA-049,CookieTheft,27,3730,138.148148148,18.9527828355,100,175,0.000225403848562
18,EA-049,PupilCalib,1,100,100.0,0.0,100,100,9.17515368382e-05
19,EA-063,EA-063_allsc,25,3876,155.04,40.9750737237,108,259,0.000164828281896
20,EA-063,Reading,8,1333,166.625,38.7848921249,109,225,0.000149156334483
21,EA-063,CookieTheft,3,409,136.333333333,33.486315613,117,175,4.9039640376e-05
22,EA-063,PupilCalib,0,-1,-1.0,-1.0,-1,-1,-1.0
23,EA-069,EA-069_allsc,49,8198,167.306122449,58.4124002537,100,291,0.000332661221885
24,EA-069,Reading,27,4631,171.518518519,62.6334700216,100,291,0.000520984081042
25,EA-069,Memory,6,1091,181.833333333,45.2787661787,108,225,0.000161281651524
26,EA-069,CookieTheft,13,1984,152.615384615,58.4458987177,100,284,0.000270483958221
27,EA-069,PupilCalib,3,492,164.0,54.5618914628,108,217,0.000293887147335
28,EA-073,EA-073_allsc,66,10255,155.378787879,50.1943193695,100,292,0.000459261424128
29,EA-073,Reading,52,8231,158.288461538,53.231767214,100,292,0.000557533130334
30,EA-073,CookieTheft,2,325,162.5,41.71930009,133,192,0.000111656989728
31,EA-073,PupilCalib,1,116,116.0,0.0,116,116,8.94934669769e-05
32,EA-084,EA-084_allsc,30,5125,170.833333333,59.0564214928,100,292,0.000213036407922
33,EA-084,Reading,12,1836,153.0,64.6782245216,100,292,0.000220026036414
34,EA-084,Memory,5,1007,201.4,41.2468180591,166,267,0.000332535248736
35,EA-084,CookieTheft,12,2157,179.75,57.8228092774,116,283,0.000198465202435
36,EA-084,PupilCalib,1,125,125.0,0.0,125,125,9.27471712113e-05
37,EA-109,EA-109_allsc,63,11768,186.793650794,55.4876210345,100,300,0.000278376754215
38,EA-109,Reading,8,1357,169.625,68.5459960277,100,291,6.65324928062e-05
39,EA-109,CookieTheft,13,2610,200.769230769,62.1291046211,100,283,0.000210826765269
40,EA-109,PupilCalib,0,-1,-1.0,-1.0,-1,-1,-1.0
41,EA-123,EA-123_allsc,77,13408,174.12987013,53.1946155391,100,300,0.000636421492863
42,EA-123,Reading,23,4040,175.652173913,55.6977302424,100,291,0.000538616458246
43,EA-123,CookieTheft,25,4217,168.68,47.1466859917,108,291,0.000591856060606
44,EA-123,PupilCalib,6,1000,166.666666667,45.4386032649,100,209,0.000332225913621
45,EA-127,EA-127_allsc,122,19305,158.237704918,37.9876128742,100,283,0.000438319153828
46,EA-127,Reading,16,2576,161.0,39.3107279675,117,275,0.000324760996204
47,EA-127,Memory,82,13033,158.93902439,36.7750410398,108,283,0.000886285275775
48,EA-127,CookieTheft,24,3696,154.0,42.371031942,100,266,0.000190388551302
49,EA-127,PupilCalib,0,-1,-1.0,-1.0,-1,-1,-1.0
50,EA-135,EA-135_allsc,175,30097,171.982857143,59.5159086513,100,300,0.000539178230756
51,EA-135,Reading,85,14110,166.0,57.6611613117,100,300,0.000689056964745
52,EA-135,Memory,44,7793,177.113636364,61.117962917,100,292,0.000422398648324
53,EA-135,CookieTheft,38,6435,169.342105263,62.5785026191,100,291,0.000457991346374
54,EA-135,PupilCalib,8,1759,219.875,35.2883529956,175,284,0.000568464435444
55,EA-141,EA-141_allsc,102,14343,140.617647059,43.3525826009,100,291,0.000519464645847
56,EA-141,Reading,31,4912,158.451612903,52.945782778,100,291,0.000591524033049
57,EA-141,Memory,58,7781,134.155172414,36.2804871068,100,291,0.000538432974378
58,EA-141,CookieTheft,8,1108,138.5,42.7183466775,100,217,0.00038206218062
59,EA-141,PupilCalib,5,542,108.4,10.2127371453,100,125,0.000327011118378
60,EA-149,EA-149_allsc,121,19150,158.26446281,50.909849832,100,300,0.000670951142558
61,EA-149,Reading,28,4159,148.535714286,42.0207022548,100,241,0.000448286903618
62,EA-149,CookieTheft,6,851,141.833333333,31.7831192092,116,192,0.000111441307578
63,EA-149,PupilCalib,1,134,134.0,0.0,134,134,8.51281178173e-05
64,EA-152,EA-152_allsc,109,17954,164.71559633,48.3762437381,100,283,0.000359348162214
65,EA-152,Reading,38,6624,174.315789474,54.6478185134,108,283,0.000245795601552
66,EA-152,CookieTheft,27,3664,135.703703704,40.4035554555,100,267,0.000362411242802
67,EA-152,PupilCalib,8,1318,164.75,20.7760163925,125,184,0.000708089927421
68,EA-169,EA-169_allsc,49,8932,182.285714286,55.7199096673,100,292,0.000370911458136
69,EA-169,Reading,15,2769,184.6,59.2715301449,116,292,0.000287301283279
70,EA-169,CookieTheft,14,2706,193.285714286,53.1100867885,117,292,0.000335715313414
71,EA-169,PupilCalib,0,-1,-1.0,-1.0,-1,-1,-1.0
72,EA-178,EA-178_allsc,60,11558,192.633333333,54.401821588,100,300,0.00035896546154
73,EA-178,Reading,5,842,168.4,43.6038989082,125,242,6.55230706732e-05
74,EA-178,CookieTheft,9,1609,178.777777778,57.124376972,100,250,0.000248364930872
75,EA-178,PupilCalib,0,-1,-1.0,-1.0,-1,-1,-1.0
76,EA-180,EA-180_allsc,27,3510,130.0,26.535897312,100,209,0.000145520397109
77,EA-180,Reading,4,709,177.25,29.1247317584,142,209,3.82918026823e-05
78,EA-180,CookieTheft,0,-1,-1.0,-1.0,-1,-1,-1.0
79,EA-180,PupilCalib,1,126,126.0,0.0,126,126,8.81834215168e-05
80,EA-184,EA-184_allsc,62,8282,133.580645161,26.1888152744,100,208,0.000250952201701
81,EA-184,Reading,4,550,137.5,45.4716028601,100,200,6.98982979764e-05
82,EA-184,Memory,36,4882,135.611111111,26.2627142301,100,208,0.000651630887304
83,EA-184,CookieTheft,21,2717,129.380952381,23.3591014178,100,175,0.000178688426946
84,EA-184,PupilCalib,1,133,133.0,0.0,133,133,5.86029067042e-05
85,EA-194,EA-194_allsc,193,40246,208.528497409,32.9352342092,105,291,0.00104796759445
86,EA-194,Reading,5,1026,205.2,49.2919871784,134,258,0.000107275418911
87,EA-194,CookieTheft,9,1415,157.222222222,31.8071445503,124,225,0.000213756412692
88,EA-194,PupilCalib,3,643,214.333333333,17.616280349,200,234,0.000246588854184
89,EA-195,EA-195_allsc,116,22876,197.206896552,53.6308667193,100,300,0.000600921066946
90,EA-195,Reading,42,7201,171.452380952,55.3882977783,100,291,0.000505433409148
91,EA-195,Memory,56,11893,212.375,47.5836345052,100,300,0.000829027816844
92,EA-195,CookieTheft,11,2257,205.181818182,54.7956534441,116,283,0.000344557556774
93,EA-195,PupilCalib,7,1525,217.857142857,31.6355737076,167,267,0.000668832409708
94,EE-031,CookieTheft,57,8370,146.842105263,44.9629964819,100,266,0.000836635843241
95,EE-050,EE-050_allsc,136,27498,202.191176471,50.5833400631,100,300,0.000913107115521
96,EE-050,Reading,14,2282,163.0,58.201242387,100,266,0.000312576748755
97,EE-050,CookieTheft,29,4923,169.75862069,48.9399451021,100,259,0.000430957617547
98,EE-050,PupilCalib,0,-1,-1.0,-1.0,-1,-1,-1.0
99,EE-057,EE-057_allsc,113,18582,164.442477876,45.5219605664,100,300,0.000611544664408
100,EE-057,Reading,39,6451,165.41025641,51.191959663,100,300,0.000404249805649
101,EE-057,Memory,37,5817,157.216216216,42.6192022027,100,267,0.00117055269069
102,EE-057,CookieTheft,27,4580,169.62962963,45.7956566198,100,299,0.000573370142281
103,EE-057,PupilCalib,10,1734,173.4,31.7846923324,100,200,0.00104123281966
104,EE-087,PupilCalib,13,1910,146.923076923,44.5598128708,100,217,0.000925398633257
105,EE-093,EE-093_allsc,67,12114,180.805970149,56.4648560063,100,300,0.000468777330768
106,EE-093,Reading,26,4614,177.461538462,53.8748407101,100,300,0.000480360639988
107,EE-093,Memory,27,4810,178.148148148,59.7563667053,108,292,0.000727429479753
108,EE-093,CookieTheft,11,2123,193.0,52.3239906735,100,283,0.000274368951412
109,EE-093,PupilCalib,3,567,189.0,87.5385629309,100,275,0.000258843830889
110,EE-100,EE-100_allsc,245,42157,172.069387755,55.0992331478,100,300,0.00130013478948
111,EE-100,Reading,50,7851,157.02,49.8047166031,100,300,0.000798313960915
112,EE-100,CookieTheft,18,3036,168.666666667,64.3656832207,100,292,0.000411786237189
113,EE-100,PupilCalib,17,3074,180.823529412,49.0602121048,100,275,0.0022549409736
114,EE-105,EE-105_allsc,136,22814,167.75,37.4742874812,100,284,0.000542862160911
115,EE-105,Reading,21,3076,146.476190476,46.5119544285,100,284,0.000336285169824
116,EE-105,Memory,97,17098,176.268041237,32.3581891567,108,275,0.000964396854277
117,EE-105,CookieTheft,18,2640,146.666666667,35.360330049,100,217,0.00023067755123
118,EE-105,PupilCalib,0,-1,-1.0,-1.0,-1,-1,-1.0
119,EE-126,EE-126_allsc,38,5876,154.631578947,54.629177954,100,292,0.000245009542477
120,EE-126,Reading,31,4835,155.967741935,55.5778636215,100,292,0.000297042984995
121,EE-126,CookieTheft,5,766,153.2,65.3084986813,108,266,0.000185694124638
122,EE-126,PupilCalib,1,142,142.0,0.0,142,142,8.72828838265e-05
123,EE-140,EE-140_allsc,202,32666,161.712871287,50.2377108824,100,300,0.0010179450612
124,EE-140,Reading,87,13947,160.310344828,50.9756691494,100,292,0.00094070325678
125,EE-140,CookieTheft,77,12337,160.220779221,51.1855816912,100,300,0.00116130005279
126,EE-140,PupilCalib,1,133,133.0,0.0,133,133,9.26183199037e-05
127,EE-146,EE-146_allsc,54,8747,161.981481481,36.7138299687,100,259,0.000419759804112
128,EE-146,Reading,13,2184,168.0,44.9444101085,125,258,0.000226409836637
129,EE-146,Memory,25,4175,167.0,35.2029828282,100,259,0.000732536333802
130,EE-146,CookieTheft,10,1331,133.1,21.6920364292,100,159,0.000373817801204
131,EE-146,PupilCalib,6,1057,176.166666667,22.6840619525,133,200,0.000579822187862
132,EE-147,EE-147_allsc,205,35420,172.780487805,53.9007403798,100,300,0.000898212775653
133,EE-147,Reading,29,5099,175.827586207,54.6286613454,100,300,0.000570069391205
134,EE-147,Memory,36,6157,171.027777778,36.2384847611,108,292,0.000627494727301
135,EE-147,PupilCalib,1,109,109.0,0.0,109,109,9.12242291553e-05
136,EE-174,Reading,17,2373,139.588235294,29.0324362213,100,192,0.000188813363543
137,EE-174,CookieTheft,35,4382,125.2,23.8213942398,100,208,0.00034881403229
138,EE-174,PupilCalib,2,266,133.0,0.0,133,133,0.000172072614643
139,EE-190,EE-190_allsc,55,11853,215.509090909,47.6724443768,100,292,0.000493494840736
140,EE-190,Reading,2,325,162.5,6.36396103068,158,167,4.9768576121e-05
141,EE-190,Memory,46,10403,226.152173913,41.9454499672,108,292,0.00128137274019
142,EE-190,CookieTheft,7,1125,160.714285714,44.0859550035,100,216,0.000353410410461
143,EE-190,PupilCalib,0,-1,-1.0,-1.0,-1,-1,-1.0
144,EH-061,EH-061_allsc,81,13004,160.543209877,34.2118580987,108,258,0.000366485987567
145,EH-061,Reading,22,3383,153.772727273,40.2195543749,108,250,0.000311813478846
146,EH-061,Memory,27,4701,174.111111111,30.1679061935,125,258,0.000604202564504
147,EH-061,CookieTheft,32,4920,153.75,30.3463873601,108,233,0.000335043450948
148,EH-061,PupilCalib,0,-1,-1.0,-1.0,-1,-1,-1.0
149,EH-164,EH-164_allsc,56,9148,163.357142857,51.7354910962,100,292,0.000271523050368
150,EH-164,Reading,14,2474,176.714285714,55.1353977759,100,258,0.00015304058855
151,EH-164,Memory,19,2816,148.210526316,54.4881016037,100,283,0.000659768039447
152,EH-164,CookieTheft,23,3858,167.739130435,46.197419636,100,292,0.00032175032175
153,EH-164,PupilCalib,0,-1,-1.0,-1.0,-1,-1,-1.0
154,EH-173,EH-173_allsc,54,9090,168.333333333,55.9838251573,100,300,0.000417982537618
155,EH-173,Reading,8,1474,184.25,67.4383316181,108,292,0.000144526945242
156,EH-173,Memory,16,2465,154.0625,38.1269261809,100,217,0.000444629706822
157,EH-173,CookieTheft,23,3952,171.826086957,59.9064817968,108,300,0.000843355822822
158,EH-173,PupilCalib,7,1199,171.285714286,68.1804328864,108,292,0.000661500661501
159,EI-0001,EI-0001_allsc,87,20098,231.011494253,43.7624385648,100,300,0.000260355100416
160,EI-0001,Reading,3,541,180.333333333,97.3361871728,108,291,2.35319956701e-05
161,EI-0001,Memory,61,14633,239.885245902,42.282816983,100,300,0.00047453460602
162,EI-0001,CookieTheft,20,4341,217.05,30.5105245,150,284,0.000299800632579
163,EI-0001,PupilCalib,3,583,194.333333333,13.316656237,183,209,0.000262812089356
164,EI-023,EI-023_allsc,24,3065,127.708333333,27.2914689118,100,208,9.94831023805e-05
165,EI-023,Reading,5,658,131.6,23.7128657062,100,158,8.99636546835e-05
166,EI-023,Memory,5,724,144.8,39.7076818764,108,208,6.27439169772e-05
167,EI-023,CookieTheft,14,1683,120.214285714,21.930584795,100,167,0.000147631048919
168,EI-023,PupilCalib,0,-1,-1.0,-1.0,-1,-1,-1.0
169,EI-037,EI-037_allsc,41,6803,165.926829268,42.30093985,100,267,0.000409496319527
170,EI-037,Reading,20,3168,158.4,45.0524840135,108,250,0.000488328938373
171,EI-037,CookieTheft,17,3001,176.529411765,42.3897358553,100,267,0.000403522514183
172,EI-037,PupilCalib,0,-1,-1.0,-1.0,-1,-1,-1.0
173,EI-051,EI-051_allsc,121,18836,155.669421488,46.0236150307,100,292,0.000673310741254
174,EI-051,Reading,31,4750,153.225806452,41.4163491691,100,242,0.000493575556865
175,EI-051,Memory,47,7729,164.446808511,51.0936091088,100,292,0.000872098417234
176,EI-051,CookieTheft,43,6357,147.837209302,42.5921579148,100,259,0.000797522117328
177,EI-051,PupilCalib,0,-1,-1.0,-1.0,-1,-1,-1.0
178,EI-096,EI-096_allsc,155,25560,164.903225806,41.9101968489,100,291,0.00087189843227
179,EI-096,Reading,45,7249,161.088888889,53.7442691331,100,291,0.000735919408648
180,EI-096,Memory,67,11849,176.850746269,33.961767154,100,242,0.00124974352278
181,EI-096,CookieTheft,31,4647,149.903225806,26.8841401062,108,216,0.000588894587869
182,EI-096,PupilCalib,12,1815,151.25,48.772430737,100,258,0.00115684951316
183,EI-112,Reading,0,-1,-1.0,-1.0,-1,-1,-1.0
184,EI-112,CookieTheft,0,-1,-1.0,-1.0,-1,-1,-1.0
185,EI-112,PupilCalib,0,-1,-1.0,-1.0,-1,-1,-1.0
186,EI-137,EI-137_allsc,84,16317,194.25,46.0593841412,100,300,0.000489795918367
187,EI-137,Reading,21,4007,190.80952381,57.3485998501,100,275,0.000372221631394
188,EI-137,CookieTheft,10,1798,179.8,36.6569684144,100,233,0.000378314985057
189,EI-137,PupilCalib,4,1068,267.0,35.9536738967,217,300,0.000318319274232
190,EI-170,EI-170_allsc,37,7795,210.675675676,50.3697738144,109,300,0.000132929992599
191,EI-170,Reading,5,1017,203.4,39.3992385713,150,242,8.15354760856e-05
192,EI-170,Memory,16,3384,211.5,63.1474465042,116,300,0.000148484989096
193,EI-170,CookieTheft,16,3394,212.125,40.8278907938,109,300,0.000163547341845
194,EI-170,PupilCalib,0,-1,-1.0,-1.0,-1,-1,-1.0
195,EI-189,EI-189_allsc,99,15730,158.888888889,53.8523849526,100,300,0.00041417395306
196,EI-189,Reading,40,6216,155.4,45.545581564,100,242,0.000469737182047
197,EI-189,CookieTheft,33,4614,139.818181818,49.2845402646,100,300,0.00033430585947
198,EI-189,PupilCalib,4,516,129.0,30.9300285591,100,167,0.000243175876953
199,EI-191,EI-191_allsc,236,37251,157.843220339,38.2610962435,100,292,0.000843643539156
200,EI-191,Reading,16,2731,170.6875,55.547839742,108,258,0.000330913528159
201,EI-191,Memory,153,23167,151.418300654,34.3661810466,100,292,0.00138286334056
202,EI-191,CookieTheft,65,11044,169.907692308,39.4230750469,100,275,0.000600511820844
203,EI-191,PupilCalib,2,309,154.5,17.6776695297,142,167,0.000159910450148
204,EL-003,CookieTheft,48,7480,155.833333333,50.353783831,100,275,0.00116366457369
205,EL-101,EL-101_allsc,49,6190,126.326530612,27.8510829795,100,242,0.000139742873113
206,EL-101,Reading,11,1682,152.909090909,42.8472975705,100,242,0.000175122984096
207,EL-101,Memory,16,1826,114.125,12.0104121495,100,134,0.000131635238753
208,EL-101,CookieTheft,22,2682,121.909090909,17.0793919009,100,167,0.000141956548391
209,EL-101,PupilCalib,0,-1,-1.0,-1.0,-1,-1,-1.0
210,EL-122,EL-122_allsc,82,14171,172.817073171,55.0905266326,100,300,0.000545571885749
211,EL-122,Reading,39,6143,157.512820513,43.7720601795,100,266,0.000687406362915
212,EL-122,Memory,38,7269,191.289473684,61.1378185674,100,300,0.000651309474839
213,EL-122,CookieTheft,5,759,151.8,51.0264637223,100,225,0.000202773947603
214,EL-122,PupilCalib,0,-1,-1.0,-1.0,-1,-1,-1.0
215,EL-156,EL-156_allsc,107,19189,179.336448598,52.2452388235,100,300,0.000163458101258
216,EL-156,Reading,25,4134,165.36,59.7466038086,100,300,0.000381097560976
217,EL-156,Memory,61,11146,182.721311475,48.5836499066,100,291,0.000187054021815
218,EL-156,CookieTheft,21,3909,186.142857143,52.6709461794,100,275,8.37033553088e-05
219,EL-156,PupilCalib,0,-1,-1.0,-1.0,-1,-1,-1.0
220,EL-185,EL-185_allsc,74,16953,229.094594595,50.0854527096,100,300,0.000474913039572
221,EL-185,Reading,9,1509,167.666666667,47.1487009365,100,258,0.000173708285885
222,EL-185,Memory,41,10695,260.853658537,18.1308590194,225,300,0.000967368992285
223,EL-185,CookieTheft,23,4466,194.173913043,45.6883237261,109,291,0.000454536471611
224,EL-185,PupilCalib,1,283,283.0,0.0,283,283,9.07194048807e-05
225,EO-005,Reading,23,3470,150.869565217,48.8795405683,100,250,0.00048051812389
226,EO-005,CookieTheft,50,8278,165.56,57.9669715952,100,300,0.000514334502587
227,EO-008,EO-008_allsc,43,7310,170.0,59.3155404033,100,292,0.000280554323146
228,EO-008,Reading,9,1435,159.444444444,58.2539936638,100,267,0.000135812156697
229,EO-008,Memory,25,4533,181.32,61.2703843631,100,292,0.000818410973254
230,EO-008,CookieTheft,9,1342,149.111111111,52.9042636383,100,266,0.000201360300698
231,EO-008,PupilCalib,0,-1,-1.0,-1.0,-1,-1,-1.0
232,EO-011,PupilCalib,8,1490,186.25,66.4008390653,108,250,0.00077775617344
233,EO-021,EO-021_allsc,180,34798,193.322222222,55.4606565018,100,300,0.00130393207963
234,EO-021,Reading,52,9233,177.557692308,51.3967319712,100,292,0.00105067485654
235,EO-021,CookieTheft,44,8168,185.636363636,52.707658377,100,300,0.000962506015663
236,EO-021,PupilCalib,13,2390,183.846153846,57.7001533127,117,300,0.00133033155956
237,EO-026,EO-026_allsc,122,18279,149.827868852,39.1991509064,100,267,0.000786604512015
238,EO-026,Reading,18,2815,156.388888889,50.8181751749,108,267,0.000410855721166
239,EO-026,Memory,75,11565,154.2,34.8770039626,109,267,0.00167541606166
240,EO-026,CookieTheft,27,3483,129.0,30.7546119118,100,242,0.000488184135824
241,EO-026,PupilCalib,2,416,208.0,82.0243866176,150,266,0.000178348492955
242,EO-054,EO-054_allsc,62,8872,143.096774194,48.1877168477,100,300,0.000460757574632
243,EO-054,Reading,26,3848,148.0,55.0875666553,100,300,0.000495700749271
244,EO-054,Memory,24,3076,128.166666667,34.7796375543,100,275,0.000725228900372
245,EO-054,CookieTheft,12,1948,162.333333333,50.0387728455,100,266,0.0003095176683
246,EO-054,PupilCalib,0,-1,-1.0,-1.0,-1,-1,-1.0
247,EO-080,EO-080_allsc,44,7399,168.159090909,50.8096965576,100,300,0.000377416753873
248,EO-080,Reading,18,3185,176.944444444,44.1194531221,116,267,0.000345582306186
249,EO-080,Memory,20,3206,160.3,55.3620618722,100,300,0.000807102502018
250,EO-080,CookieTheft,5,891,178.2,59.0313476045,116,241,0.000191270418117
251,EO-080,PupilCalib,1,117,117.0,0.0,117,117,7.3664825046e-05
252,EO-083,EO-083_allsc,150,22607,150.713333333,50.2588383047,100,292,0.000979988632132
253,EO-083,Reading,14,1810,129.285714286,46.3837315171,100,267,0.000284212022169
254,EO-083,CookieTheft,40,4940,123.5,29.0843159778,100,259,0.00100467172351
255,EO-083,PupilCalib,1,117,117.0,0.0,117,117,8.79739597079e-05
256,EO-091,Reading,39,7577,194.282051282,63.1034858984,108,300,0.000737031087593
257,EO-091,CookieTheft,46,8613,187.239130435,52.0137523621,100,292,0.000673262689538
258,EO-094,EO-094_allsc,165,32957,199.739393939,60.838039385,100,300,0.000527318282924
259,EO-094,Reading,27,4311,159.666666667,58.3154551358,100,300,0.000447508867305
260,EO-094,Memory,120,25506,212.55,58.3695629789,100,300,0.000660894851629
261,EO-094,CookieTheft,17,2957,173.941176471,49.0605118556,100,292,0.000280416996569
262,EO-094,PupilCalib,1,183,183.0,0.0,183,183,9.63948332369e-05
263,EO-143,EO-143_allsc,89,18120,203.595505618,40.9941013221,108,292,0.00041805234579
264,EO-143,Reading,0,-1,-1.0,-1.0,-1,-1,-1.0
265,EO-143,Memory,39,8689,222.794871795,35.1254739524,108,284,0.000942165531236
266,EO-143,CookieTheft,47,8897,189.29787234,39.6248247252,108,292,0.00052223963021
267,EO-143,PupilCalib,3,534,178.0,37.5898922584,142,217,0.000268889486421
268,EO-166,EO-166_allsc,190,30127,158.563157895,43.3377740158,100,300,0.000976206256968
269,EO-166,Reading,51,9519,186.647058824,55.5848265373,100,300,0.000911691097605
270,EO-166,CookieTheft,82,12423,151.5,34.9798001674,100,292,0.000861905863062
271,EO-166,PupilCalib,5,834,166.8,32.7062685123,117,192,0.000390655519962
272,EO-182,EO-182_allsc,32,4450,139.0625,46.2363754998,100,275,0.000255832174094
273,EO-182,Reading,20,2715,135.75,45.1009102487,100,275,0.000290794887826
274,EO-182,CookieTheft,12,1735,144.583333333,49.5790614406,101,267,0.000301689460981
275,EO-182,PupilCalib,0,-1,-1.0,-1.0,-1,-1,-1.0
276,EO-186,EO-186_allsc,31,4829,155.774193548,52.9847208652,100,291,9.32423368334e-05
277,EO-186,Reading,11,1831,166.454545455,67.9917107247,100,291,5.63642978289e-05
278,EO-186,CookieTheft,10,1441,144.1,54.5923275033,100,275,0.00011719345123
279,EO-186,PupilCalib,1,208,208.0,0.0,208,208,5.97371565114e-05
280,ER-017,CookieTheft,64,11305,176.640625,56.5054758373,116,292,0.000720234076075
281,ER-017,PupilCalib,8,1325,165.625,66.4850949999,116,300,0.00083629521221
282,ER-040,ER-040_allsc,240,42810,178.375,53.9652084574,100,300,0.00111215633211
283,ER-040,Reading,42,6707,159.69047619,56.1633020081,100,291,0.0007615593835
284,ER-040,CookieTheft,39,6780,173.846153846,46.44778532,100,283,0.000616903146206
285,ER-040,PupilCalib,15,2513,167.533333333,67.7515067483,100,291,0.00145067698259
286,ER-059,ER-059_allsc,98,18323,186.969387755,54.5074390235,100,292,0.000306308390037
287,ER-059,Reading,53,9246,174.452830189,52.5790855019,100,283,0.000550277734517
288,ER-059,Memory,25,4954,198.16,58.0550600723,108,292,0.000573105313832
289,ER-059,CookieTheft,20,4123,206.15,48.5335207004,108,292,0.0001187923569
290,ER-059,PupilCalib,0,-1,-1.0,-1.0,-1,-1,-1.0
291,ER-129,ER-129_allsc,49,8433,172.102040816,53.2647651274,100,300,0.000362796345382
292,ER-129,Reading,15,2533,168.866666667,50.7104760474,100,242,0.000283816767895
293,ER-129,CookieTheft,11,1632,148.363636364,47.1832019415,100,241,0.000244749021004
294,ER-129,PupilCalib,0,-1,-1.0,-1.0,-1,-1,-1.0
295,ER-167,ER-167_allsc,21,2984,142.095238095,34.5223185228,109,267,0.000117197310043
296,ER-167,Reading,2,300,150.0,11.313708499,142,158,2.08665894603e-05
297,ER-167,Memory,12,1792,149.333333333,42.7579515908,117,267,0.000464756003098
298,ER-167,CookieTheft,7,892,127.428571429,14.9315900343,109,150,0.000150745111551
299,ER-167,PupilCalib,0,-1,-1.0,-1.0,-1,-1,-1.0
300,ET-090,ET-090_allsc,114,16075,141.00877193,21.4160206404,100,216,0.000554401902474
301,ET-090,Reading,7,869,124.142857143,10.1723247331,117,142,0.000139223134907
302,ET-090,Memory,66,9850,149.242424242,17.4532876392,124,209,0.00111458245377
303,ET-090,CookieTheft,41,5356,130.634146341,22.6536488204,100,216,0.000496079759946
304,ET-090,PupilCalib,0,-1,-1.0,-1.0,-1,-1,-1.0
305,EU-015,EU-015_allsc,58,9620,165.862068966,55.311699938,100,300,0.000305110602593
306,EU-015,Reading,22,3369,153.136363636,48.8187078257,100,267,0.000361515076822
307,EU-015,Memory,27,4450,164.814814815,57.9628774018,100,300,0.000696702275894
308,EU-015,CookieTheft,8,1518,189.75,46.4535097859,133,242,0.000101569244833
309,EU-015,PupilCalib,1,283,283.0,0.0,283,283,8.5309674117e-05
310,EU-024,EU-024_allsc,126,19558,155.222222222,51.1091207342,100,300,0.000965872504829
311,EU-024,Reading,43,7339,170.674418605,56.7466050716,100,300,0.00093980854133
312,EU-024,Memory,12,1601,133.416666667,33.2523637802,100,200,0.000418074765704
313,EU-024,CookieTheft,71,10618,149.549295775,47.9359062357,100,292,0.00162363648837
314,EU-024,PupilCalib,0,-1,-1.0,-1.0,-1,-1,-1.0
315,EU-161,EU-161_allsc,64,10694,167.09375,59.886060797,100,300,0.000307165106044
316,EU-161,Reading,48,7510,156.458333333,60.8936842385,100,300,0.000788513979696
317,EU-161,Memory,11,2243,203.909090909,52.2694070092,125,284,0.000398276548753
318,EU-161,CookieTheft,4,750,187.5,24.2555835496,158,217,3.64720578447e-05
319,EU-161,PupilCalib,1,191,191.0,0.0,191,191,9.81257972721e-05
320,EY-035,PupilCalib,5,759,151.8,40.9719416186,100,192,0.000396888394983
321,EY-043,EY-043_allsc,41,5309,129.487804878,45.4186756474,100,291,0.000214241298407
322,EY-043,Reading,4,650,162.5,65.1996932508,117,258,5.71853376794e-05
323,EY-043,Memory,35,4442,126.914285714,43.483851924,100,291,0.000599232981783
324,EY-043,CookieTheft,2,217,108.5,0.707106781187,108,109,3.85044857726e-05
325,EY-043,PupilCalib,0,-1,-1.0,-1.0,-1,-1,-1.0
326,EY-088,EY-088_allsc,181,35739,197.453038674,48.2506678612,100,300,0.000494826195716
327,EY-088,Reading,22,4086,185.727272727,49.5899200762,108,283,0.000471849865952
328,EY-088,Memory,86,17972,208.976744186,52.4072237374,100,300,0.000579171380852
329,EY-088,CookieTheft,72,13473,187.125,39.6693863233,100,300,0.00044656147663
330,EY-088,PupilCalib,1,208,208.0,0.0,208,208,0.00010593220339
331,HA-0002,HA-0002_allsc,36,6833,189.805555556,45.4550449468,100,283,0.000324836453869
332,HA-0002,Reading,9,1800,200.0,54.0786464328,108,275,0.000176602174169
333,HA-0002,Memory,21,4016,191.238095238,42.7093722289,117,283,0.00073993164441
334,HA-0002,CookieTheft,4,642,160.5,50.6655701636,100,217,0.00020583543457
335,HA-0002,PupilCalib,2,375,187.5,17.6776695297,175,200,0.000165988878745
336,HA-006,HA-006_allsc,179,29215,163.212290503,40.0451944795,100,267,0.000991233947825
337,HA-006,Reading,35,5933,169.514285714,50.5786350085,109,267,0.000916014551545
338,HA-006,Memory,61,9682,158.721311475,31.2863821002,108,266,0.00126304455856
339,HA-006,CookieTheft,77,12708,165.038961039,41.0597900238,100,266,0.000936659895143
340,HA-006,PupilCalib,6,892,148.666666667,38.6246898585,108,200,0.000505433409148
341,HA-016,HA-016_allsc,74,12423,167.878378378,37.9007184313,100,266,0.000361985637975
342,HA-016,Reading,11,1730,157.272727273,40.4403039284,117,241,0.000114800976852
343,HA-016,Memory,58,9934,171.275862069,38.3093562405,100,266,0.00103447660834
344,HA-016,CookieTheft,5,759,151.8,20.3396165156,133,184,0.000121722618497
345,HA-016,PupilCalib,0,-1,-1.0,-1.0,-1,-1,-1.0
346,HA-018,Reading,8,1015,126.875,29.589754501,100,192,8.26557285586e-05
347,HA-018,CookieTheft,4,758,189.5,78.5429818634,116,292,4.68131919575e-05
348,HA-018,PupilCalib,0,-1,-1.0,-1.0,-1,-1,-1.0
349,HA-019,HA-019_allsc,70,12756,182.228571429,48.5930070202,100,300,0.000316477157131
350,HA-019,Reading,19,3636,191.368421053,50.7457831048,116,300,0.000410890767933
351,HA-019,Memory,29,5162,178.0,45.7118302912,109,291,0.000321066383243
352,HA-019,CookieTheft,22,3958,179.909090909,51.5677170062,100,292,0.000299262725467
353,HA-019,PupilCalib,0,-1,-1.0,-1.0,-1,-1,-1.0
354,HA-025,HA-025_allsc,91,15816,173.802197802,47.6531961806,100,275,0.000665049111319
355,HA-025,Reading,23,3563,154.913043478,53.5052359744,100,275,0.00048344718865
356,HA-025,Memory,46,8566,186.217391304,42.2100109471,100,275,0.00104719193207
357,HA-025,CookieTheft,20,3438,171.9,46.3634384084,100,258,0.000577517253328
358,HA-025,PupilCalib,2,249,124.5,12.0208152802,116,133,0.000186933358258
359,HA-027,HA-027_allsc,11,1625,147.727272727,29.4349822799,108,200,9.56214087641e-05
360,HA-027,Reading,2,283,141.5,23.3345237792,125,158,4.38971927745e-05
361,HA-027,Memory,6,825,137.5,25.0978086693,108,167,0.000339308940791
362,HA-027,CookieTheft,3,517,172.333333333,34.9904748944,133,200,7.43900019837e-05
363,HA-027,PupilCalib,0,-1,-1.0,-1.0,-1,-1,-1.0
364,HA-039,HA-039_allsc,25,4692,187.68,56.3580222033,108,300,0.000154484054156
365,HA-039,Reading,1,150,150.0,0.0,150,150,2.33715848272e-05
366,HA-039,Memory,18,3392,188.444444444,56.6508628481,108,300,0.000426439232409
367,HA-039,CookieTheft,6,1150,191.666666667,63.4749294341,108,283,9.16380297824e-05
368,HA-039,PupilCalib,0,-1,-1.0,-1.0,-1,-1,-1.0
369,HA-044,HA-044_allsc,211,35748,169.421800948,48.6751848244,100,300,0.000970529927739
370,HA-044,Reading,46,7447,161.891304348,55.9464935892,100,300,0.00109560329634
371,HA-044,Memory,110,19400,176.363636364,45.5967018107,100,292,0.00109012348126
372,HA-044,CookieTheft,36,5571,154.75,36.4694588467,100,234,0.000532891230979
373,HA-058,HA-058_allsc,17,2602,153.058823529,44.9492360728,100,242,9.49402434938e-05
374,HA-058,Reading,1,234,234.0,0.0,234,234,1.63302632438e-05
375,HA-058,Memory,15,2176,145.066666667,40.7964751045,100,242,0.000520616409829
376,HA-058,CookieTheft,1,192,192.0,0.0,192,192,1.28485159964e-05
377,HA-058,PupilCalib,0,-1,-1.0,-1.0,-1,-1,-1.0
378,HA-065,HA-065_allsc,121,20149,166.520661157,51.2048336217,100,292,0.000504675547844
379,HA-065,Reading,20,3400,170.0,52.1061669246,100,292,0.00047478871902
380,HA-065,Memory,51,8770,171.960784314,56.2191998464,100,267,0.000827425085582
381,HA-065,CookieTheft,47,7437,158.234042553,45.3940298536,100,267,0.000377113238279
382,HA-065,PupilCalib,3,542,180.666666667,48.211340298,125,209,0.000263945099419
383,HA-066,HA-066_allsc,67,10422,155.552238806,49.0995536553,100,267,0.000314136616608
384,HA-066,Reading,26,4050,155.769230769,50.1240921652,108,266,0.00060243755503
385,HA-066,Memory,15,2092,139.466666667,38.024177772,100,217,0.000198446822866
386,HA-066,CookieTheft,26,4280,164.615384615,52.9302007728,100,267,0.000310399579767
387,HA-066,PupilCalib,0,-1,-1.0,-1.0,-1,-1,-1.0
388,HA-068,HA-068_allsc,65,10164,156.369230769,43.3018364329,100,300,0.000433891607201
389,HA-068,Reading,18,2775,154.166666667,37.7129249182,100,234,0.000383394747492
390,HA-068,Memory,32,5131,160.34375,45.2566939444,100,250,0.000633926979536
391,HA-068,CookieTheft,13,1933,148.692307692,50.7089482823,100,300,0.000303994013656
392,HA-068,PupilCalib,2,325,162.5,6.36396103068,158,167,0.000208008320333
393,HA-077,HA-077_allsc,168,26360,156.904761905,31.1711977634,100,300,0.000330918416792
394,HA-077,Reading,7,1091,155.857142857,55.8552551136,108,275,0.000161924589406
395,HA-077,Memory,142,22196,156.309859155,25.3853096231,100,300,0.000656604890319
396,HA-077,CookieTheft,19,3073,161.736842105,53.8421995849,100,275,8.05023345677e-05
397,HA-077,PupilCalib,0,-1,-1.0,-1.0,-1,-1,-1.0
398,HA-082,HA-082_allsc,170,29322,172.482352941,43.1499687727,100,300,0.000535102739726
399,HA-082,Reading,10,1331,133.1,37.2214096097,100,208,0.00023759741494
400,HA-082,Memory,122,22112,181.245901639,43.8035266846,100,300,0.000629326620516
401,HA-082,CookieTheft,38,5879,154.710526316,29.9304670724,100,233,0.000535467688752
402,HA-082,PupilCalib,0,-1,-1.0,-1.0,-1,-1,-1.0
403,HA-086,HA-086_allsc,180,31020,172.333333333,36.3107322116,100,300,0.00117855038303
404,HA-086,Reading,29,5071,174.862068966,45.3555195396,100,300,0.000581616894968
405,HA-086,CookieTheft,39,5951,152.58974359,39.9636136799,100,283,0.000943944234679
406,HA-086,PupilCalib,7,974,139.142857143,30.7648531684,100,191,0.000655860582779
407,HA-089,HA-089_allsc,38,9283,244.289473684,47.2067951446,109,300,0.00016257032236
408,HA-089,Reading,6,1459,243.166666667,47.751090738,175,300,0.000118010345574
409,HA-089,Memory,4,818,204.5,93.1897705402,109,300,6.19022563372e-05
410,HA-089,CookieTheft,27,6797,251.740740741,37.1665612662,150,300,0.000252112610299
411,HA-089,PupilCalib,1,209,209.0,0.0,209,209,8.93734918223e-05
412,HA-092,HA-092_allsc,51,9214,180.666666667,59.9975555058,100,292,0.000214623882167
413,HA-092,Reading,3,432,144.0,62.864934582,100,216,5.28438815592e-05
414,HA-092,Memory,40,7390,184.75,59.9421729883,100,292,0.000369334182802
415,HA-092,CookieTheft,8,1392,174.0,61.9861735735,100,242,0.000110267260272
416,HA-103,HA-103_allsc,181,28894,159.635359116,35.3573765447,100,292,0.000687230423425
417,HA-103,Reading,20,3136,156.8,45.5892415748,100,284,0.000432769290691
418,HA-103,Memory,95,15654,164.778947368,31.9141731162,101,292,0.00117440538001
419,HA-103,CookieTheft,66,10104,153.090909091,36.0118473124,100,291,0.000529746042958
420,HA-103,PupilCalib,0,-1,-1.0,-1.0,-1,-1,-1.0
421,HA-104,HA-104_allsc,160,30467,190.41875,55.2516793763,100,300,0.000903383169972
422,HA-104,CookieTheft,73,13860,189.863013699,55.1141026186,100,292,0.000939801225604
423,HA-104,PupilCalib,2,275,137.5,41.71930009,108,167,0.000120569086086
424,HA-108,Reading,30,5275,175.833333333,47.1520528923,100,292,0.000567579839564
425,HA-108,PupilCalib,0,-1,-1.0,-1.0,-1,-1,-1.0
426,HA-113,HA-113_allsc,47,7845,166.914893617,50.3935942216,100,291,0.000426381202939
427,HA-113,Reading,19,3094,162.842105263,60.2488018856,100,267,0.000407637845956
428,HA-113,Memory,16,2648,165.5,44.7407346088,100,291,0.000841706560051
429,HA-113,CookieTheft,11,1912,173.818181818,44.7231890227,116,258,0.000327020840146
430,HA-113,PupilCalib,1,191,191.0,0.0,191,191,9.11244760343e-05
431,HA-128,HA-128_allsc,258,33126,128.395348837,40.3212621407,100,300,0.000536778703617
432,HA-128,Reading,10,1316,131.6,22.5250477864,100,167,0.000214938205266
433,HA-128,Memory,222,28569,128.689189189,41.4453548562,100,300,0.000647846057769
434,HA-128,CookieTheft,23,2891,125.695652174,38.6139809615,100,266,0.000286886779509
435,HA-128,PupilCalib,3,350,116.666666667,8.50490054812,108,125,0.000266075388027
436,HA-142,HA-142_allsc,95,13920,146.526315789,36.4154053516,100,259,0.000495181105974
437,HA-142,Reading,7,1400,200.0,44.9703606093,141,250,0.00012017167382
438,HA-142,Memory,86,12279,142.779069767,32.4720336372,100,259,0.00088239518992
439,HA-142,CookieTheft,2,241,120.5,17.6776695297,108,133,7.61759664826e-05
440,HA-142,PupilCalib,0,-1,-1.0,-1.0,-1,-1,-1.0
441,HA-154,HA-154_allsc,57,8077,141.701754386,34.0236078293,100,300,0.000423917893797
442,HA-154,Reading,30,4277,142.566666667,27.3970591592,108,217,0.000508526290809
443,HA-154,Memory,9,1293,143.666666667,29.7405447159,100,192,0.000430786904078
444,HA-154,CookieTheft,12,1716,143.0,52.6739542331,100,300,0.000266323405389
445,HA-154,PupilCalib,6,791,131.833333333,30.9865562247,100,175,0.00063051702396
446,HA-159,HA-159_allsc,58,10540,181.724137931,61.6400966288,100,300,0.000388284518828
447,HA-159,Reading,31,5072,163.612903226,61.3963502821,100,291,0.000532884106302
448,HA-159,CookieTheft,13,2363,181.769230769,45.5561079808,116,275,0.000237873048984
449,HA-159,PupilCalib,1,242,242.0,0.0,242,242,9.75704946824e-05
450,HA-163,HA-163_allsc,18,2877,159.833333333,41.3837848325,100,258,0.000146627565982
451,HA-163,Reading,3,417,139.0,33.7786915081,108,175,5.06585612969e-05
452,HA-163,Memory,11,1910,173.636363636,42.7954967894,108,258,0.000549725137431
453,HA-163,CookieTheft,2,275,137.5,53.033008589,100,175,6.2086735169e-05
454,HA-163,PupilCalib,2,275,137.5,17.6776695297,125,150,0.000176725280551
455,HA-172,HA-172_allsc,73,10300,141.095890411,30.202632512,100,233,0.000443165537505
456,HA-172,Reading,23,3257,141.608695652,28.9446794144,100,200,0.000472036942022
457,HA-172,Memory,24,3741,155.875,32.164404441,108,233,0.000604062319096
458,HA-172,CookieTheft,24,3010,125.416666667,23.0536551222,100,183,0.000374689710084
459,HA-172,PupilCalib,2,292,146.0,5.65685424949,142,150,0.000163733115023
460,HA-177,HA-177_allsc,50,7915,158.3,39.9817560436,100,292,0.000323907621546
461,HA-177,Reading,6,900,150.0,39.2326394728,100,217,0.000104693770721
462,HA-177,Memory,38,6181,162.657894737,40.9860070491,116,292,0.000695868737181
463,HA-177,CookieTheft,5,692,138.4,35.6973388364,100,175,0.000166950482487
464,HA-177,PupilCalib,1,142,142.0,0.0,142,142,8.00128020483e-05
465,HA-181,Reading,40,7582,189.55,48.2328486854,100,283,0.000780076837569
466,HA-181,CookieTheft,165,30828,186.836363636,52.4088396599,100,300,0.00147894519836
467,HA-181,PupilCalib,6,1342,223.666666667,22.6067836427,192,259,0.000431437405623
468,HA-192,HA-192_allsc,70,11192,159.885714286,40.3429295772,100,275,0.000330891042307
469,HA-192,Reading,8,1332,166.5,49.2892338288,108,275,0.000110164006665
470,HA-192,Memory,39,6334,162.41025641,42.4504156255,100,258,0.000717610907686
471,HA-192,CookieTheft,23,3526,153.304347826,33.8599183571,109,242,0.00031273795279
472,HA-192,PupilCalib,0,-1,-1.0,-1.0,-1,-1,-1.0
473,HA-196,HA-196_allsc,111,17508,157.72972973,29.3034115128,100,283,0.000526158615492
474,HA-196,Reading,4,791,197.75,59.4102965262,150,283,8.27061450666e-05
475,HA-196,Memory,92,14426,156.804347826,25.3659974581,100,234,0.00123837342343
476,HA-196,CookieTheft,15,2291,152.733333333,36.3071552701,100,241,0.000193378712871
477,HA-196,PupilCalib,0,-1,-1.0,-1.0,-1,-1,-1.0
478,HC-116,HC-116_allsc,35,5825,166.428571429,37.1612430254,116,266,0.000202162561804
479,HC-116,Reading,9,1441,160.111111111,37.7042585275,116,225,0.00019199180835
480,HC-116,Memory,8,1584,198.0,39.536601487,134,266,0.000303559231995
481,HC-116,CookieTheft,16,2450,153.125,27.2613890573,117,200,0.000177338372699
482,HC-116,PupilCalib,2,350,175.0,46.6690475583,142,208,0.000206739714699
483,HE-012,HE-012_allsc,47,7790,165.744680851,36.5444744441,100,267,0.000273041508119
484,HE-012,Reading,10,1771,177.1,33.3414989998,133,233,0.00015805528774
485,HE-012,Memory,24,3956,164.833333333,40.232656719,100,267,0.000604991177212
486,HE-012,CookieTheft,9,1430,158.888888889,37.0386434837,116,250,0.00015820281601
487,HE-012,PupilCalib,4,633,158.25,20.548722588,133,175,0.000325018282278
488,HE-022,HE-022_allsc,89,12767,143.449438202,37.8057268497,100,250,0.000598407831747
489,HE-022,Reading,17,2360,138.823529412,27.8864557046,100,192,0.00029831888534
490,HE-022,Memory,37,5347,144.513513514,35.8528021698,100,250,0.00102419310192
491,HE-022,CookieTheft,28,4261,152.178571429,46.1816490502,100,242,0.0006321397932
492,HE-022,PupilCalib,7,799,114.142857143,12.401996767,100,133,0.000618265324148
493,HE-030,HE-030_allsc,52,7347,141.288461538,23.9610276208,100,200,0.00026807163699
494,HE-030,Reading,13,1891,145.461538462,25.2474928941,109,183,0.000246655914999
495,HE-030,Memory,9,1307,145.222222222,25.0088873092,117,183,0.000318415000884
496,HE-030,CookieTheft,29,3974,137.034482759,22.8355655544,100,200,0.000285034695603
497,HE-030,PupilCalib,1,175,175.0,0.0,175,175,8.87626486774e-05
498,HE-078,HE-078_allsc,82,18132,221.12195122,54.0969386514,108,300,0.000501473843858
499,HE-078,Reading,25,4589,183.56,43.1277945954,133,291,0.000602366094017
500,HE-078,Memory,42,10535,250.833333333,44.9231955223,108,300,0.000612691466083
501,HE-078,CookieTheft,12,2375,197.916666667,51.5583664551,141,275,0.000280367281138
502,HE-078,PupilCalib,3,633,211.0,25.5342906696,183,233,0.000281320330083
503,HE-095,HE-095_allsc,285,46256,162.301754386,44.7202591833,100,300,0.000628775410248
504,HE-095,Reading,29,4725,162.931034483,38.3377201745,108,259,0.000550295072013
505,HE-095,Memory,95,17734,186.673684211,44.2342512196,109,300,0.000953834414346
506,HE-095,CookieTheft,160,23638,147.7375,39.8504259267,100,300,0.000551152080082
507,HE-095,PupilCalib,1,159,159.0,0.0,159,159,9.37734433608e-05
508,HE-099,CookieTheft,14,2251,160.785714286,60.2918269387,100,275,0.000371136206988
509,HE-099,PupilCalib,3,342,114.0,5.19615242271,108,117,0.00019165655146
510,HE-115,HE-115_allsc,212,37179,175.372641509,58.362470953,100,300,0.000688908891799
511,HE-115,Reading,22,3742,170.090909091,59.5458279622,101,292,0.000512128125145
512,HE-115,CookieTheft,123,22580,183.577235772,60.7560302789,100,300,0.000624704788895
513,HE-115,PupilCalib,31,4780,154.193548387,46.5570756204,109,291,0.00270152505447
514,HE-119,HE-119_allsc,23,4202,182.695652174,51.7480212908,100,297,0.000170524473969
515,HE-119,Reading,8,1241,155.125,27.5599994817,100,191,0.000158381342678
516,HE-119,Memory,8,1745,218.125,47.7327006808,141,297,0.00027006042602
517,HE-119,CookieTheft,6,1050,175.0,64.6374504448,100,291,0.00013996127738
518,HE-119,PupilCalib,1,166,166.0,0.0,166,166,8.42105263158e-05
519,HE-130,HE-130_allsc,58,9100,156.896551724,30.2635729475,100,241,0.000316742575663
520,HE-130,Reading,4,782,195.5,42.8524600616,142,241,7.33810310035e-05
521,HE-130,Memory,47,7328,155.914893617,28.1871307262,108,225,0.000903168777263
522,HE-130,CookieTheft,4,524,131.0,20.6720423116,100,142,6.27362411581e-05
523,HE-130,PupilCalib,3,466,155.333333333,9.23760430703,150,166,0.000234265188193
524,HE-150,HE-150_allsc,41,7034,171.56097561,51.5824819006,100,259,0.00031014788759
525,HE-150,Reading,5,891,178.2,50.8251906047,125,241,7.37648082853e-05
526,HE-150,Memory,25,4417,176.68,50.4047947455,100,259,0.000756818938637
527,HE-150,CookieTheft,10,1484,148.4,51.5540708598,100,242,0.000481602774032
528,HE-150,PupilCalib,1,242,242.0,0.0,242,242,9.42063118229e-05
529,HE-155,HE-155_allsc,53,9633,181.754716981,48.4811246618,100,300,0.000559083524969
530,HE-155,Reading,20,3498,174.9,52.1292927047,108,300,0.000511574370124
531,HE-155,PupilCalib,2,333,166.5,94.0452018978,100,233,0.00019692792438
532,HH-029,HH-029_allsc,154,24012,155.922077922,50.1594232889,100,300,0.000552686450928
533,HH-029,Reading,10,1741,174.1,67.7109050794,108,292,0.00015809776766
534,HH-029,Memory,134,20888,155.880597015,49.8325081529,100,300,0.000810976015687
535,HH-029,CookieTheft,9,1258,139.777777778,29.1495187687,108,191,0.000226997578692
536,HH-029,PupilCalib,1,125,125.0,0.0,125,125,9.51837045498e-05
537,HH-053,HH-053_allsc,189,30202,159.798941799,45.4121995857,100,300,0.000571354291052
538,HH-053,Reading,23,4141,180.043478261,47.5724120405,100,258,0.000454626316934
539,HH-053,Memory,91,15389,169.10989011,45.8130138108,109,300,0.00141262670951
540,HH-053,CookieTheft,74,10572,142.864864865,38.2691707977,100,284,0.00036505352474
541,HH-053,PupilCalib,1,100,100.0,0.0,100,100,7.64935362962e-05
542,HH-055,HH-055_allsc,3,318,106.0,5.19615242271,100,109,2.3478036297e-05
543,HH-055,Reading,3,318,106.0,5.19615242271,100,109,6.80982430653e-05
544,HH-055,Memory,0,-1,-1.0,-1.0,-1,-1,-1.0
545,HH-055,CookieTheft,0,-1,-1.0,-1.0,-1,-1,-1.0
546,HH-055,PupilCalib,0,-1,-1.0,-1.0,-1,-1,-1.0
547,HH-056,HH-056_allsc,140,26300,187.857142857,44.906869486,100,291,0.000806423741115
548,HH-056,Reading,22,3793,172.409090909,47.9162554095,108,267,0.000446256516359
549,HH-056,Memory,104,20406,196.211538462,42.9803913469,100,291,0.00128749520284
550,HH-056,CookieTheft,11,1568,142.545454545,24.6347869338,101,200,0.000347035997098
551,HH-056,PupilCalib,3,533,177.666666667,13.2035348802,166,192,0.000253528268402
552,HH-076,HH-076_allsc,139,19885,143.057553957,36.5179665498,100,292,0.00032516141106
553,HH-076,Reading,16,2515,157.1875,44.4915254103,100,250,0.000202649644097
554,HH-076,Memory,59,8480,143.728813559,28.5601787571,100,234,0.00087489063867
555,HH-076,CookieTheft,62,8640,139.35483871,40.9274034511,100,292,0.000229390044472
556,HH-076,PupilCalib,2,250,125.0,11.313708499,117,133,0.000185065235496
557,HH-098,HH-098_allsc,37,5187,140.189189189,34.9267788363,100,242,0.000304649611778
558,HH-098,Reading,16,2394,149.625,40.7363474062,100,242,0.000360774763805
559,HH-098,Memory,18,2393,132.944444444,29.6181030139,100,200,0.000454637300465
560,HH-098,CookieTheft,3,400,133.333333333,28.2901631903,117,166,0.000109777517564
561,HH-098,PupilCalib,0,-1,-1.0,-1.0,-1,-1,-1.0
562,HI-010,HI-010_allsc,72,13648,189.555555556,51.106871975,108,300,0.000619349510972
563,HI-010,Reading,19,3307,174.052631579,54.1073764577,108,292,0.000448039238805
564,HI-010,CookieTheft,40,7907,197.675,46.9415280033,109,300,0.000827746047513
565,HI-010,PupilCalib,3,534,178.0,42.320207939,133,217,0.000229007633588
566,HI-020,HI-020_allsc,144,26260,182.361111111,56.7549771221,100,300,0.000870322019147
567,HI-020,Reading,27,4129,152.925925926,49.4546613856,100,250,0.000561669197645
568,HI-020,CookieTheft,29,5212,179.724137931,44.1352600793,100,242,0.000562658854116
569,HI-020,PupilCalib,8,1356,169.5,66.4787828666,100,284,0.000699422976045
570,HI-034,HI-034_allsc,145,23569,162.544827586,29.6870200102,100,234,0.000715607649599
571,HI-034,Reading,8,1108,138.5,27.1871818536,100,167,0.000183355870826
572,HI-034,Memory,115,19602,170.452173913,25.6310678664,100,234,0.0013097054871
573,HI-034,CookieTheft,20,2567,128.35,22.257523861,100,175,0.000335306050598
574,HI-034,PupilCalib,2,292,146.0,41.0121933088,117,175,0.000173295208387
575,HI-036,HI-036_allsc,102,17197,168.598039216,44.1949461301,100,300,0.00062861298394
576,HI-036,Reading,26,4030,155.0,42.9036129015,100,283,0.000508110220833
577,HI-036,Memory,30,5441,181.366666667,48.959154921,100,267,0.00090176746423
578,HI-036,CookieTheft,44,7360,167.272727273,38.1468177443,109,300,0.000659146405405
579,HI-036,PupilCalib,2,366,183.0,94.752308679,116,250,0.000180652154277
580,HI-041,HI-041_allsc,109,17968,164.844036697,37.1281999025,100,275,0.000682747777938
581,HI-041,Reading,24,3726,155.25,31.0766933499,100,233,0.000435074234541
582,HI-041,Memory,60,10261,171.016666667,40.5272420062,100,275,0.00114975567692
583,HI-041,CookieTheft,15,2348,156.533333333,37.10384398,109,233,0.000376789751319
584,HI-041,PupilCalib,10,1633,163.3,23.4096371418,125,209,0.000800576415019
585,HI-042,HI-042_allsc,176,29489,167.551136364,37.7989825844,100,274,0.000924078546676
586,HI-042,Reading,47,7382,157.063829787,32.2020822006,100,234,0.00076271461491
587,HI-042,CookieTheft,81,13487,166.50617284,36.668489012,100,274,0.000969084992343
588,HI-042,PupilCalib,5,708,141.6,32.829864453,100,175,0.000446030330062
589,HI-052,Reading,33,5841,177.0,65.9033383069,100,300,0.00080718146907
590,HI-052,CookieTheft,20,3940,197.0,40.9813821657,141,283,0.000462952246476
591,HI-052,PupilCalib,4,709,177.25,18.1544301297,159,200,0.000389294403893
592,HI-097,HI-097_allsc,37,8156,220.432432432,53.8447049602,108,300,0.000255998671574
593,HI-097,Reading,18,3724,206.888888889,57.3409707635,108,300,0.000387830733431
594,HI-097,Memory,11,2642,240.181818182,57.0137144586,125,292,0.000285099655289
595,HI-097,CookieTheft,8,1790,223.75,34.4165657787,175,292,0.000167462111697
596,HI-097,PupilCalib,0,-1,-1.0,-1.0,-1,-1,-1.0
597,HI-120,HI-120_allsc,43,6675,155.23255814,38.364689376,100,267,0.000244057484051
598,HI-120,Reading,13,2066,158.923076923,53.5762097988,108,267,0.000247012103593
599,HI-120,Memory,2,325,162.5,77.0746391493,108,217,5.48335800844e-05
600,HI-120,CookieTheft,25,3734,149.36,25.2271018285,100,200,0.000324801870859
601,HI-120,PupilCalib,3,550,183.333333333,36.3639015142,158,225,0.000296589223925
602,HI-121,HI-121_allsc,456,100567,220.541666667,45.3407418936,100,300,0.000683043738766
603,HI-121,Reading,14,2525,180.357142857,52.9304436797,100,259,0.000255651729301
604,HI-121,Memory,247,58399,236.433198381,41.0886730863,100,300,0.000887808980889
605,HI-121,CookieTheft,194,39535,203.788659794,41.4469093613,100,300,0.000598250272142
606,HI-121,PupilCalib,1,108,108.0,0.0,108,108,9.66557123526e-05
607,HI-131,HI-131_allsc,14,2816,201.142857143,47.7668329458,108,283,0.000122451478602
608,HI-131,Reading,3,550,183.333333333,24.5017006212,159,208,6.56972669937e-05
609,HI-131,Memory,3,749,249.666666667,38.1881307913,208,283,9.95883680786e-05
610,HI-131,CookieTheft,8,1517,189.625,48.5031295014,108,267,0.000282495850842
611,HI-131,PupilCalib,0,-1,-1.0,-1.0,-1,-1,-1.0
612,HI-132,HI-132_allsc,122,18770,153.852459016,41.9637135912,100,275,0.000430093880328
613,HI-132,Reading,7,1067,152.428571429,35.3782284409,108,208,0.000150946651141
614,HI-132,Memory,86,13406,155.88372093,42.6833535825,100,275,0.000644127207634
615,HI-132,CookieTheft,28,4197,149.892857143,41.7215987103,100,258,0.000303532906219
616,HI-132,PupilCalib,1,100,100.0,0.0,100,100,8.67754251996e-05
617,HI-134,HI-134_allsc,161,28481,176.900621118,38.6825550101,100,292,0.000405441477922
618,HI-134,Reading,5,792,158.4,50.4013888698,100,225,9.21217481023e-05
619,HI-134,Memory,142,25233,177.697183099,37.7549000036,100,292,0.000605192724049
620,HI-134,CookieTheft,13,2339,179.923076923,43.5497063489,133,283,0.000132874066049
621,HI-134,PupilCalib,1,117,117.0,0.0,117,117,9.6627693497e-05
622,HI-144,HI-144_allsc,92,18136,197.130434783,51.1529096186,100,299,0.000460338348686
623,HI-144,Reading,15,2862,190.8,59.4621127874,100,283,0.000314729332774
624,HI-144,Memory,53,11042,208.339622642,44.3131094495,100,299,0.000839151981507
625,HI-144,CookieTheft,22,3857,175.318181818,56.7990495927,108,291,0.000280394081136
626,HI-144,PupilCalib,2,375,187.5,28.9913780286,167,208,0.000189161070652
627,HI-148,HI-148_allsc,27,4101,151.888888889,35.7591659399,100,259,0.000226576595477
628,HI-148,Reading,4,683,170.75,45.7484061653,108,209,7.32882610528e-05
629,HI-148,Memory,12,1785,148.75,23.6763211209,109,192,0.000590434953749
630,HI-148,CookieTheft,11,1633,148.454545455,43.738686849,100,259,0.000337113086117
631,HI-148,PupilCalib,0,-1,-1.0,-1.0,-1,-1,-1.0
632,HL-060,HL-060_allsc,125,18122,144.976,30.5177008393,100,275,0.000692118158412
633,HL-060,Reading,35,4941,141.171428571,32.4050519975,100,259,0.000557457991558
634,HL-060,Memory,47,7109,151.255319149,34.5772406204,109,275,0.00126783739311
635,HL-060,CookieTheft,42,5905,140.595238095,22.7038833294,100,192,0.00059964021587
636,HL-060,PupilCalib,1,167,167.0,0.0,167,167,9.33968431867e-05
637,HL-062,PupilCalib,2,442,221.0,111.722871427,142,300,0.000220823672298
638,HL-074,HL-074_allsc,43,7420,172.558139535,51.5536254905,100,292,0.000443669455937
639,HL-074,Reading,9,1566,174.0,40.7921561087,125,234,0.000198526492257
640,HL-074,CookieTheft,2,367,183.5,47.3761543395,150,217,8.83782589483e-05
641,HL-074,PupilCalib,12,1884,157.0,54.6825549712,100,292,0.00119284294235
642,HL-111,Reading,31,5959,192.225806452,60.7089832328,100,300,0.000599914850795
643,HL-111,CookieTheft,26,5839,224.576923077,45.3785615258,117,292,0.000394423459094
644,HL-111,PupilCalib,2,493,246.5,17.6776695297,234,259,0.000194382350083
645,HL-145,HL-145_allsc,52,9565,183.942307692,54.241078949,100,292,0.000297241371426
646,HL-145,CookieTheft,31,5533,178.483870968,51.7847281012,100,292,0.000401512796601
647,HL-145,PupilCalib,0,-1,-1.0,-1.0,-1,-1,-1.0
648,HL-168,HL-168_allsc,24,5818,242.416666667,52.7619070976,100,300,0.000157586820489
649,HL-168,Reading,3,634,211.333333333,49.742671152,159,258,6.29603979097e-05
650,HL-168,Memory,13,3550,273.076923077,26.5281659702,192,300,0.000306206571664
651,HL-168,CookieTheft,8,1634,204.25,58.3848072214,100,275,0.000159776313162
652,HL-168,PupilCalib,0,-1,-1.0,-1.0,-1,-1,-1.0
653,HL-176,HL-176_allsc,52,8493,163.326923077,52.083161689,100,284,0.000464360343627
654,HL-176,Reading,22,3821,173.681818182,62.8182460328,100,284,0.000353822895558
655,HL-176,Memory,18,3163,175.722222222,40.8725501954,100,266,0.000780403208324
656,HL-176,CookieTheft,1,125,125.0,0.0,125,125,6.61550674782e-05
657,HL-176,PupilCalib,11,1384,125.818181818,22.3777486885,100,158,0.000946399380539
658,HN-183,HN-183_allsc,26,4103,157.807692308,41.2747082178,108,258,9.16244665518e-05
659,HN-183,Reading,6,1131,188.5,64.4848819492,117,258,0.000109013608532
660,HN-183,Memory,4,599,149.75,22.5296101461,133,183,0.000151434845158
661,HN-183,CookieTheft,16,2373,148.3125,29.3501135716,108,216,8.41188810086e-05
662,HN-183,PupilCalib,0,-1,-1.0,-1.0,-1,-1,-1.0
663,HO-032,HO-032_allsc,88,13592,154.454545455,45.5192037511,100,300,0.000321618618794
664,HO-032,Reading,25,3847,153.88,47.5099287869,100,266,0.000256586577443
665,HO-032,Memory,41,5875,143.292682927,33.9560332654,100,258,0.000543651214596
666,HO-032,CookieTheft,19,3229,169.947368421,57.0842201237,100,300,0.000211812445653
667,HO-032,PupilCalib,3,641,213.666666667,23.6713610368,200,241,0.000271125169453
668,HO-033,HO-033_allsc,257,52355,203.715953307,35.1883472695,125,292,0.00152386599466
669,HO-033,Reading,47,9246,196.723404255,43.345779659,125,292,0.00102743469232
670,HO-033,PupilCalib,4,633,158.25,24.4591496173,133,183,0.000371264154446
671,HO-038,HO-038_allsc,31,5082,163.935483871,51.2821837054,100,300,0.000117839806287
672,HO-038,Reading,6,867,144.5,65.7472432882,100,275,0.000137605210651
673,HO-038,Memory,19,3191,167.947368421,49.9148983373,100,300,0.000202362313747
674,HO-038,CookieTheft,6,1024,170.666666667,43.7980212643,116,217,5.25536704359e-05
675,HO-038,PupilCalib,0,-1,-1.0,-1.0,-1,-1,-1.0
676,HO-070,HO-070_allsc,372,59598,160.209677419,47.139114105,100,292,0.00143370280728
677,HO-070,Reading,62,10006,161.387096774,51.2302276417,100,292,0.00119538811553
678,HO-070,CookieTheft,60,8751,145.85,44.0942076983,100,275,0.000808037277453
679,HO-070,PupilCalib,4,525,131.25,16.8597153001,117,150,0.000364630811304
680,HO-071,HO-071_allsc,141,23287,165.156028369,44.5145696354,100,291,0.000591447914832
681,HO-071,Reading,24,3783,157.625,47.7928614826,100,267,0.000499614880197
682,HO-071,CookieTheft,54,8309,153.87037037,41.1577940514,100,267,0.000399423055586
683,HO-071,PupilCalib,0,-1,-1.0,-1.0,-1,-1,-1.0
684,HO-072,HO-072_allsc,17,3463,203.705882353,52.5068622966,134,300,0.000102389284058
685,HO-072,Reading,3,451,150.333333333,21.7332310836,134,175,5.24558059835e-05
686,HO-072,Memory,8,1853,231.625,57.3982018135,150,300,0.000213515533255
687,HO-072,CookieTheft,6,1159,193.166666667,30.5183005206,158,242,9.93821741507e-05
688,HO-072,PupilCalib,0,-1,-1.0,-1.0,-1,-1,-1.0
689,HO-075,HO-075_allsc,38,6632,174.526315789,64.7952020421,100,300,0.000227344792309
690,HO-075,Reading,11,1756,159.636363636,52.1100234643,108,300,0.000249308734871
691,HO-075,Memory,13,3044,234.153846154,47.7281296404,142,291,0.000445312232384
692,HO-075,CookieTheft,13,1649,126.846153846,43.3644365693,100,258,0.000155580554824
693,HO-075,PupilCalib,1,183,183.0,0.0,183,183,9.73330737785e-05
694,HO-106,HO-106_allsc,97,17549,180.917525773,43.333654671,100,300,0.000506405771982
695,HO-106,Reading,11,1668,151.636363636,40.7854697834,100,233,0.000206456456456
696,HO-106,Memory,80,14933,186.6625,39.4753388005,100,300,0.000789780243647
697,HO-106,CookieTheft,5,840,168.0,74.6759666827,100,275,0.000193065101552
698,HO-106,PupilCalib,1,108,108.0,0.0,108,108,9.03016073686e-05
699,HO-124,HO-124_allsc,111,17255,155.45045045,50.8802048914,100,292,0.000571293284473
700,HO-124,Reading,33,5379,163.0,48.6331933971,100,275,0.000749897741217
701,HO-124,Memory,52,7898,151.884615385,52.8945135396,100,292,0.00079878339145
702,HO-124,CookieTheft,23,3387,147.260869565,44.2114931492,100,258,0.000316429573783
703,HO-124,PupilCalib,3,591,197.0,84.0416563378,108,275,0.000239904038385
704,HO-136,HO-136_allsc,37,7717,208.567567568,46.3354559109,116,292,0.000451582981424
705,HO-136,Reading,16,3134,195.875,60.1496744242,116,292,0.00042559982976
706,HO-136,Memory,18,3999,222.166666667,28.0907143963,174,275,0.00102998397803
707,HO-136,CookieTheft,3,584,194.666666667,39.5010548382,150,225,0.000188691112649
708,HO-136,PupilCalib,0,-1,-1.0,-1.0,-1,-1,-1.0
709,HO-158,HO-158_allsc,86,12517,145.546511628,30.5397164657,100,275,0.000295804053891
710,HO-158,Reading,8,1199,149.875,35.9143325946,108,217,0.000135627701958
711,HO-158,Memory,47,6943,147.723404255,18.2990877982,100,175,0.000370215749136
712,HO-158,CookieTheft,31,4375,141.129032258,42.3743176429,100,275,0.000329097529645
713,HO-158,PupilCalib,0,-1,-1.0,-1.0,-1,-1,-1.0
714,HO-162,HO-162_allsc,12,2110,175.833333333,64.3976754709,100,300,8.59284931723e-05
715,HO-162,Reading,0,-1,-1.0,-1.0,-1,-1,-1.0
716,HO-162,CookieTheft,0,-1,-1.0,-1.0,-1,-1,-1.0
717,HO-162,PupilCalib,1,117,117.0,0.0,117,117,9.1399323645e-05
718,HO-165,HO-165_allsc,128,20374,159.171875,50.046609673,100,292,0.000597148615362
719,HO-165,Reading,22,3009,136.772727273,28.5222249486,100,200,0.000440996652435
720,HO-165,CookieTheft,81,12183,150.407407407,46.9150236539,100,292,0.000688196161395
721,HO-165,PupilCalib,4,842,210.5,32.8075194633,183,250,0.000320615581917
722,HO-187,HO-187_allsc,88,15399,174.988636364,59.0167508499,100,300,0.000998717555866
723,HO-187,Memory,44,8167,185.613636364,57.6465638295,100,283,0.00145233694217
724,HO-187,CookieTheft,11,1800,163.636363636,67.2774445521,100,299,0.000892639779275
725,HO-187,PupilCalib,8,1141,142.625,36.4963305396,100,192,0.00073126142596
726,HO-188,HO-188_allsc,33,5167,156.575757576,55.3319699084,100,300,0.000188827154489
727,HO-188,Reading,9,1809,201.0,68.5109480302,117,300,0.000149708069265
728,HO-188,Memory,17,2242,131.882352941,35.1263475772,100,225,0.000338234416347
729,HO-188,CookieTheft,7,1116,159.428571429,45.63572118,125,234,0.000131512202454
730,HO-188,PupilCalib,0,-1,-1.0,-1.0,-1,-1,-1.0
731,HO-193,HO-193_allsc,43,7163,166.581395349,47.1952542803,100,284,0.000184212555585
732,HO-193,Reading,22,3573,162.409090909,50.9805369873,100,284,0.000242418899859
733,HO-193,Memory,13,2382,183.230769231,22.1778938215,141,217,0.00034267337955
734,HO-193,CookieTheft,8,1208,151.0,62.2667074538,100,283,8.62561592289e-05
735,HO-193,PupilCalib,0,-1,-1.0,-1.0,-1,-1,-1.0
736,HP-138,HP-138_allsc,45,5877,130.6,31.6561066922,100,249,0.000296296296296
737,HP-138,Reading,10,1335,133.5,21.0989731188,100,175,0.000212129568741
738,HP-138,Memory,24,3042,126.75,30.6058391701,100,233,0.00065065336442
739,HP-138,CookieTheft,8,943,117.875,13.9123531952,108,149,0.000138790097327
740,HP-138,PupilCalib,3,557,185.666666667,56.3678395305,141,249,0.000293915940041
741,HR-014,HR-014_allsc,177,36724,207.480225989,44.299867945,100,300,0.000779625779626
742,HR-014,Reading,21,3508,167.047619048,30.1006248946,100,216,0.000421018865655
743,HR-014,Memory,107,24483,228.813084112,37.8405619551,134,300,0.00114031161413
744,HR-014,CookieTheft,49,8733,178.224489796,32.4449953165,108,266,0.00067839787343
745,HR-014,PupilCalib,0,-1,-1.0,-1.0,-1,-1,-1.0
746,HR-047,HR-047_allsc,73,13505,185.0,63.6262961012,100,292,0.000518926603874
747,HR-047,Reading,30,5879,195.966666667,58.4722057954,100,292,0.000406884485495
748,HR-047,CookieTheft,20,3559,177.95,69.4356764055,100,292,0.000609942055505
749,HR-047,PupilCalib,1,175,175.0,0.0,175,175,9.45090256119e-05
750,HR-102,HR-102_allsc,226,38974,172.451327434,35.5993735651,100,292,0.00112670438966
751,HR-102,Reading,42,6643,158.166666667,30.4822352636,100,217,0.000865212286014
752,HR-102,Memory,101,18991,188.02970297,38.4623076389,109,292,0.00147570205429
753,HR-102,CookieTheft,78,12675,162.5,24.7568697012,108,208,0.00106484641638
754,HR-102,PupilCalib,5,665,133.0,28.8704000665,108,175,0.00048309178744
755,HR-107,HR-107_allsc,128,20821,162.6640625,45.8702856736,100,300,0.000470929312774
756,HR-107,Reading,20,3516,175.8,41.9844582773,108,242,0.000452130665762
757,HR-107,Memory,67,10814,161.402985075,51.8859646175,100,300,0.000464094980155
758,HR-107,CookieTheft,40,6366,159.15,36.0110737954,100,241,0.000544617814449
759,HR-107,PupilCalib,1,125,125.0,0.0,125,125,0.000102511532547
760,HR-110,HR-110_allsc,40,6321,158.025,36.0949513481,108,259,0.000208889283458
761,HR-110,Reading,8,1251,156.375,38.5113619598,108,217,0.000165132312265
762,HR-110,Memory,24,3685,153.541666667,37.7186139801,108,259,0.000376931775349
763,HR-110,CookieTheft,8,1385,173.125,27.7202221183,116,209,0.00011694880566
764,HR-110,PupilCalib,0,-1,-1.0,-1.0,-1,-1,-1.0
765,HR-133,HR-133_allsc,32,5369,167.78125,63.2153178533,100,292,0.000299577782563
766,HR-133,Reading,6,1026,171.0,56.7873225289,117,242,0.000120365912374
767,HR-133,CookieTheft,8,1450,181.25,73.7752378125,100,283,0.000280534418066
768,HR-133,PupilCalib,0,-1,-1.0,-1.0,-1,-1,-1.0
769,HR-151,HR-151_allsc,70,12341,176.3,42.6058273214,100,283,0.00057341798075
770,HR-151,Reading,18,3116,173.111111111,42.9046670832,109,250,0.000428510212827
771,HR-151,Memory,36,6516,181.0,41.7208409722,100,275,0.00105550180315
772,HR-151,CookieTheft,14,2217,158.357142857,34.0782067578,100,209,0.000399657436483
773,HR-151,PupilCalib,2,492,246.0,52.3259018078,209,283,0.000182949140139
774,HR-179,HR-179_allsc,87,15127,173.873563218,58.2899338307,100,292,0.000556572028097
775,HR-179,Reading,33,5053,153.121212121,54.0779284781,100,266,0.000643764265231
776,HR-179,Memory,17,3393,199.588235294,57.0066430597,100,267,0.000590852217434
777,HR-179,CookieTheft,37,6681,180.567567568,57.6182554696,100,292,0.000570846704517
778,HR-179,PupilCalib,0,-1,-1.0,-1.0,-1,-1,-1.0
779,HS-085,HS-085_allsc,22,3560,161.818181818,29.0051495652,109,233,0.000142874770264
780,HS-085,Reading,1,192,192.0,0.0,192,192,1.9220419774e-05
781,HS-085,Memory,7,1117,159.571428571,26.5948437537,109,183,0.000332052559177
782,HS-085,CookieTheft,14,2251,160.785714286,30.9619582253,117,233,0.000199478506191
783,HS-085,PupilCalib,0,-1,-1.0,-1.0,-1,-1,-1.0
784,HT-064,HT-064_allsc,62,10968,176.903225806,50.0690374784,100,292,0.000450584669947
785,HT-064,Reading,19,3409,179.421052632,61.8280013779,100,292,0.000348464007336
786,HT-064,Memory,34,6160,181.176470588,45.1572810923,100,292,0.000964593735815
787,HT-064,CookieTheft,8,1249,156.125,41.232572076,108,242,0.000215621799364
788,HT-064,PupilCalib,1,150,150.0,0.0,150,150,9.32487877658e-05
789,HU-048,HU-048_allsc,131,23129,176.557251908,47.7371263847,100,292,0.00066532247825
790,HU-048,Reading,25,4100,164.0,58.2215595806,108,292,0.000539665407447
791,HU-048,Memory,82,14929,182.06097561,38.6137401378,100,292,0.000836163031397
792,HU-048,CookieTheft,22,3808,173.090909091,63.8196186368,100,292,0.000537476790775
793,HU-048,PupilCalib,2,292,146.0,5.65685424949,142,150,0.000172816037328
794,HU-079,HU-079_allsc,69,12462,180.608695652,37.7757381644,100,292,0.000364214115672
795,HU-079,Reading,16,2834,177.125,45.077525812,100,242,0.000306595638677
796,HU-079,Memory,38,6646,174.894736842,32.2915682022,125,292,0.000492266238309
797,HU-079,CookieTheft,12,2341,195.083333333,42.6858680752,134,291,0.000244294700841
798,HU-079,PupilCalib,3,641,213.666666667,18.7705443004,192,225,0.000274022652539
799,HU-081,HU-081_allsc,30,5263,175.433333333,38.5761077865,100,250,0.000122174709835
800,HU-081,Reading,6,990,165.0,43.8406204336,116,241,0.000117409936794
801,HU-081,Memory,11,2041,185.545454545,37.5881993087,117,250,0.000121740670238
802,HU-081,CookieTheft,13,2232,171.692307692,38.1409329885,100,242,0.000140226735845
803,HU-081,PupilCalib,0,-1,-1.0,-1.0,-1,-1,-1.0
804,HU-153,HU-153_allsc,104,17536,168.615384615,46.4035292624,100,292,0.000615982373427
805,HU-153,Reading,20,3750,187.5,42.2230917116,100,283,0.000479007496467
806,HU-153,Memory,33,4773,144.636363636,46.3012001612,100,283,0.00073939638368
807,HU-153,CookieTheft,50,8879,177.58,42.3759124879,100,292,0.000711713378788
808,HU-153,PupilCalib,1,134,134.0,0.0,134,134,8.19739322895e-05
809,HV-160,HV-160_allsc,33,5165,156.515151515,45.8905772001,108,300,0.000235477126608
810,HV-160,Reading,3,491,163.666666667,9.81495457622,158,175,7.1323284675e-05
811,HV-160,Memory,18,2888,160.444444444,47.5125026545,108,300,0.000483844954572
812,HV-160,CookieTheft,9,1402,155.777777778,56.0039681134,109,276,0.000180079234863
813,HV-160,PupilCalib,3,384,128.0,20.6639783198,109,150,0.000275254610515
