,interview,task,meanpupilsize,stddevpupilsize,maxpupilsize,minpupilsize,startpupilsize,endpupilsize
0,EA-004,EA-004_allsc,-0.055546628976,0.12760936325,0.760694358338,-0.488530688159,-0.228146311221,-0.161500309981
1,EA-004,Reading,-0.0213167311531,0.0992219043353,0.760694358338,-0.342839429634,0.0492870427774,-0.147551146931
2,EA-004,Memory,-0.0284118832014,0.0738753870208,0.49721016739,-0.364538127712,0.00278983261004,-0.161500309981
3,EA-004,CookieTheft,-0.175289250577,0.160619143912,0.649101053937,-0.488530688159,-0.276193428394,0.101983880967
4,EA-004,PupilCalib,-0.000239159639877,0.126477172294,0.429014259144,-0.398636081835,-0.228146311221,0.193428394296
5,EA-007,EA-007_allsc,0.0488203550019,0.0648183062851,0.279265966011,-0.276553039911,-0.0354040532145,0.0116494076043
6,EA-007,Reading,0.0187544611841,0.0448312229736,0.158691472663,-0.276553039911,-0.0501082597204,0.0528211858207
7,EA-007,CookieTheft,0.0139294014566,0.0393832139335,0.110167591194,-0.203032007382,-0.0104069021545,-0.0148181641063
8,EA-007,PupilCalib,8.68351354791e-05,0.0515774181897,0.116049273796,-0.167741911767,-0.0354040532145,0.00723814565252
9,EA-009,EA-009_allsc,0.0139090364666,0.0502532658412,0.173355354247,-0.219045452747,-0.00360971557419,-0.0767039835437
10,EA-009,Reading,-0.0202676896698,0.0404385281099,0.142578820365,-0.219045452747,-0.0132273824123,-0.00745678230943
11,EA-009,Memory,0.0399634189952,0.0477044549416,0.15412002057,-0.188268918865,0.0540962854543,-0.0767039835437
12,EA-009,CookieTheft,0.0336403100105,0.0399425223144,0.173355354247,-0.165186518454,-0.00553324894181,0.0944904861743
13,EA-009,PupilCalib,0.00206139142344,0.0441776179603,0.161814154041,-0.138257051307,-0.00360971557419,-0.0805510502789
14,EA-049,EA-049_allsc,-0.102995829447,0.076559715582,0.214110730034,-0.394521402165,-0.0287114159726,-0.0129437441539
15,EA-049,Reading,-0.127238971868,0.058307334774,0.108467328849,-0.394521402165,-0.249458821433,-0.235267916797
16,EA-049,Memory,-0.0685355575822,0.0687116282998,0.210957195671,-0.318836577435,-0.0681305955191,-0.0129437441539
17,EA-049,CookieTheft,-0.128405265366,0.0715847721139,0.195189523852,-0.321990111799,-0.112280076611,-0.118587145339
18,EA-049,PupilCalib,-0.00258213124455,0.0652668842872,0.214110730034,-0.274687096343,-0.0287114159726,-0.0902053360652
19,EA-063,EA-063_allsc,0.0412971048522,0.0754624694676,0.629824038175,-0.421294363257,-0.0315538323889,0.0314345362362
20,EA-063,Reading,-0.0115727052022,0.056338865312,0.629824038175,-0.421294363257,0.0530867879511,-0.0827318818968
21,EA-063,CookieTheft,0.0510084357042,0.0502926088154,0.417238294065,-0.19689830003,-0.00793319415449,0.0826125857441
22,EA-063,PupilCalib,-0.00634540200731,0.0795993189849,0.468416343573,-0.271696987772,-0.0315538323889,-5.96480763514e-05
23,EA-069,EA-069_allsc,-0.105489351734,0.0979225972789,0.354349141219,-0.503537704832,-0.161971645756,-0.221547121176
24,EA-069,Reading,-0.129788399412,0.0893423723659,0.354349141219,-0.503537704832,-0.11431126542,-0.0706225834451
25,EA-069,Memory,-0.0873580303865,0.0919997253375,0.342434046135,-0.32083958021,-0.0984244719745,-0.221547121176
26,EA-069,CookieTheft,-0.117652763286,0.0844650964442,0.203424603488,-0.392330150714,0.100160446093,-0.134169757227
27,EA-069,PupilCalib,-0.0107745404903,0.133930862786,0.274915173992,-0.289065993319,-0.161971645756,-0.289065993319
28,EA-073,EA-073_allsc,-0.133684456674,0.125549195018,0.497632767382,-0.399153320871,-0.0606165725555,0.0313040014904
29,EA-073,Reading,-0.15928394312,0.11773990868,0.497632767382,-0.399153320871,-0.208586277117,-0.107697842189
30,EA-073,CookieTheft,-0.149241123105,0.0904796962242,0.322759480172,-0.322926503369,-0.300506851163,-0.125633563954
31,EA-073,PupilCalib,0.0069564758093,0.149821075495,0.466245254293,-0.336378294693,-0.0606165725555,0.255500523553
32,EA-084,EA-084_allsc,0.0484113632014,0.0636430591404,0.541681281422,-0.269729919327,0.0847286578424,-0.0775535823072
33,EA-084,Reading,0.0258697011878,0.0679194160874,0.541681281422,-0.203535847687,-0.022035973835,0.118893339979
34,EA-084,Memory,0.0667787372802,0.0574432736221,0.387940211806,-0.269729919327,0.163734485284,-0.0775535823072
35,EA-084,CookieTheft,0.070064909289,0.0477796450819,0.315340262266,-0.0860947528414,0.0591051462399,0.020669878836
36,EA-084,PupilCalib,0.00303205591305,0.071057721446,0.319610847533,-0.23556523719,0.0847286578424,-0.141612361314
37,EA-109,EA-109_allsc,0.0171879834635,0.0728826706692,0.250130389081,-0.42428205766,0.0807048231924,-0.11668418561
38,EA-109,Reading,-0.00719329793798,0.0557142911775,0.227101671387,-0.42428205766,0.0807048231924,-0.00318550554856
39,EA-109,CookieTheft,0.0399374540179,0.0839875928888,0.210652587321,-0.269660667432,-0.037728582089,0.113602991326
40,EA-109,PupilCalib,0.00315424560221,0.0434856330906,0.125117350173,-0.200574514351,0.0807048231924,0.0362922962119
41,EA-123,EA-123_allsc,0.0757328857612,0.138283615854,1.08423326134,-0.352051835853,-0.0658747300216,0.268898488121
42,EA-123,Reading,0.0212794477143,0.106618731426,1.0626349892,-0.227861771058,0.0313174946004,0.290496760259
43,EA-123,CookieTheft,0.069290951856,0.120812984247,1.08423326134,-0.195464362851,0.695464362851,0.0475161987041
44,EA-123,PupilCalib,0.000872237913275,0.168333060275,0.555075593952,-0.352051835853,-0.0658747300216,-0.179265658747
45,EA-127,EA-127_allsc,0.0137357427498,0.0606881359808,0.363794886951,-0.351204374169,-0.093010196542,0.0791192552091
46,EA-127,Reading,-0.030823006553,0.0455622789819,0.327382887542,-0.351204374169,-0.018531106842,-0.0979754691887
47,EA-127,Memory,0.0528580258063,0.0519870222761,0.363794886951,-0.294931284173,0.0228461652135,0.0791192552091
48,EA-127,CookieTheft,0.00321131730518,0.0552782940404,0.218146889316,-0.261829466529,-0.0499778336043,-0.126112014186
49,EA-127,PupilCalib,0.00259942238247,0.0559265092331,0.0973252549136,-0.134387468598,-0.093010196542,0.0360868922713
50,EA-135,EA-135_allsc,-0.169347480585,0.116867437838,0.440710967286,-0.615415963558,0.0176685272001,-0.281123685728
51,EA-135,Reading,-0.0754022474065,0.0727691118611,0.207002206679,-0.562165866205,-8.15052510508e-05,-0.183498507246
52,EA-135,Memory,-0.268692412421,0.0791595277534,0.440710967286,-0.615415963558,-0.0281857232987,-0.281123685728
53,EA-135,CookieTheft,-0.231267907519,0.0592486172431,0.062043608328,-0.482290720174,0.0590852695862,-0.244144451455
54,EA-135,PupilCalib,-0.000941487443452,0.0347415551945,0.0857103182629,-0.112498377442,0.0176685272001,0.0235852046838
55,EA-141,EA-141_allsc,-0.110757366663,0.106865064803,0.336330007847,-0.402062549042,-0.0970743190225,-0.21746440982
56,EA-141,Reading,-0.0589332165835,0.0802039940231,0.336330007847,-0.341867503643,-0.107106826589,0.0875238201995
57,EA-141,Memory,-0.150216110302,0.10192635372,0.296199977581,-0.377984530882,0.0494002914471,-0.21746440982
58,EA-141,CookieTheft,-0.135672504047,0.0884100927927,0.256069947315,-0.402062549042,0.0193027687479,-0.209438403766
59,EA-141,PupilCalib,-0.00305070726119,0.0869358820466,0.256069947315,-0.265620446138,-0.0970743190225,0.123640847439
60,EA-149,EA-149_allsc,-0.0234713940112,0.119940337493,0.513366587315,-0.488071055649,-0.095716755234,-0.196607861055
61,EA-149,Reading,-0.0175886056442,0.0963324425288,0.41994889674,-0.321787566426,0.042541426817,-0.073296509496
62,EA-149,CookieTheft,-0.00830263923336,0.158296739345,0.513366587315,-0.488071055649,-0.073296509496,-0.02845601802
63,EA-149,PupilCalib,-0.00555174279717,0.12936585931,0.472262803462,-0.334866043106,-0.095716755234,-0.118137000972
64,EA-152,EA-152_allsc,-0.152071119393,0.101936145885,0.374552554507,-0.604816140579,0.0366417181907,-0.249723397332
65,EA-152,Reading,-0.0823706831137,0.0547176842955,0.374552554507,-0.390042303938,0.0151643345265,-0.0836316303287
66,EA-152,CookieTheft,-0.259552660346,0.0515974747424,0.0781646599414,-0.570452326717,0.0552554506996,-0.306996420436
67,EA-152,PupilCalib,0.00485391195203,0.0330131462038,0.0967783924504,-0.10654083957,0.0366417181907,0.00370972990563
68,EA-169,EA-169_allsc,-0.120932016528,0.164108443523,0.365467031256,-0.487536586332,-0.0577285619661,-0.272632574149
69,EA-169,Reading,-0.129044776865,0.184904347111,0.332404875536,-0.487536586332,0.0877449232041,-0.0445036996779
70,EA-169,CookieTheft,-0.0945567103925,0.161648063047,0.309261366531,-0.408187412603,0.0877449232041,-0.408187412603
71,EA-169,PupilCalib,-0.00207696083985,0.10834217098,0.256361917379,-0.315613376586,-0.0577285619661,-0.0610347775381
72,EA-178,EA-178_allsc,-0.0151247571462,0.0820955785416,0.253860350376,-0.324844426721,-0.0239179426303,-0.153162009515
73,EA-178,Reading,0.0318512738064,0.0586001588998,0.253860350376,-0.212961503149,-0.0277759744776,0.0725328535525
74,EA-178,CookieTheft,-0.0496702354709,0.0677378958108,0.186344793048,-0.317128363026,0.0763908853998,-0.133871850279
75,EA-178,PupilCalib,-0.00218046622194,0.0441064368784,0.145835458651,-0.128084802508,-0.0239179426303,-0.0663562929507
76,EA-180,EA-180_allsc,-0.109525870103,0.0765072449223,0.118371814289,-0.399126711603,-0.029690263952,-0.0699401492992
77,EA-180,Reading,-0.0948864781153,0.0668867442412,0.118371814289,-0.328689412245,0.00193464596364,0.00768462958467
78,EA-180,CookieTheft,-0.177612978184,0.0689626851418,0.0306845640688,-0.399126711603,0.0163096050162,-0.117377514173
79,EA-180,PupilCalib,-0.00345993028125,0.0247177755447,0.0436220272161,-0.085752604257,-0.029690263952,-0.00812782537315
80,EA-184,EA-184_allsc,-0.0797796681586,0.120395402519,0.469305818952,-0.462163917731,0.056185349963,-0.0724276262318
81,EA-184,Reading,0.0493391051663,0.0641074392782,0.290027124863,-0.165964336192,0.0386472168455,0.184798326158
82,EA-184,Memory,-0.12425723573,0.108278785696,0.192593051988,-0.407600836921,0.114645793688,-0.0724276262318
83,EA-184,CookieTheft,-0.143041410643,0.0911549988898,0.469305818952,-0.462163917731,0.0347498539305,-0.158169610362
84,EA-184,PupilCalib,0.00602559535449,0.043557235658,0.153619422838,-0.103606529552,0.056185349963,0.0503393055905
85,EA-194,EA-194_allsc,-0.21318303751,0.0855717451987,0.0637171680093,-0.56340908644,-0.0864398224926,-0.270666046134
86,EA-194,Reading,-0.154587437519,0.0375469971953,-0.0359668845087,-0.379182862799,-0.0675124707486,-0.0877016459422
87,EA-194,CookieTheft,-0.27107658415,0.0513190643834,-0.0283959438112,-0.56340908644,-0.0586797066015,-0.321138984117
88,EA-194,PupilCalib,-0.00896549435564,0.0375708069344,0.0637171680093,-0.303473455823,-0.0864398224926,-0.0107304155168
89,EA-195,EA-195_allsc,-0.00675350803634,0.0971353602161,0.307186101606,-0.438799684127,0.0762042642801,-0.250592261121
90,EA-195,Reading,0.0731365937379,0.0509785655974,0.307186101606,-0.356672808634,0.0659384048434,-0.00592261121348
91,EA-195,Memory,-0.0538558791388,0.0659594494099,0.27296657015,-0.431955777836,0.122400631745,-0.250592261121
92,EA-195,CookieTheft,-0.126011956169,0.0716806957708,0.182284811793,-0.438799684127,0.060805475125,-0.161621479337
93,EA-195,PupilCalib,0.00841248648186,0.0458511067504,0.156620163201,-0.288233745723,0.0762042642801,-0.00421163464069
94,EE-031,CookieTheft,-0.00301328180478,0.0646199755711,0.248062374556,-0.17267253358,-0.0383202099738,-0.103728578045
95,EE-050,EE-050_allsc,-0.00271502448152,0.0995259657099,0.924718905424,-0.355562866487,-0.125713622201,0.0912468794148
96,EE-050,Reading,-0.0217215941315,0.124038939924,0.924718905424,-0.252452925125,-0.067714280185,-0.0548255375148
97,EE-050,CookieTheft,0.00512570127868,0.0846193943719,0.641166566679,-0.252452925125,-0.0440849186229,-0.0977880130823
98,EE-050,PupilCalib,-0.000184603649685,0.0974883954881,0.370502970604,-0.222379192228,-0.125713622201,0.052580651404
99,EE-057,EE-057_allsc,0.103073672454,0.0568533972027,0.409860337149,-0.28921168598,0.0310335983586,0.146243792115
100,EE-057,Reading,0.0879296000996,0.0382810398101,0.409860337149,-0.28921168598,0.0739933316235,0.116953064888
101,EE-057,Memory,0.143770765872,0.0576246751036,0.284886567651,-0.144710764998,0.132574786076,0.146243792115
102,EE-057,CookieTheft,0.128582476503,0.0520036642261,0.300508288839,-0.082223880249,0.0447026043974,0.0388444589522
103,EE-057,PupilCalib,0.000504563965174,0.031845057016,0.109142204295,-0.0939401711395,0.0310335983586,-0.0373114318357
104,EE-087,PupilCalib,-0.00129101739004,0.134425062243,0.318080340569,-0.282191916442,-0.0387248471648,0.221533054476
105,EE-093,EE-093_allsc,0.0600647931933,0.0875104921769,0.582361897801,-0.255886472989,0.0108289177173,0.134100736951
106,EE-093,Reading,-0.000162583142652,0.0540091704187,0.577879286193,-0.255886472989,-0.0945124550825,0.0310006699555
107,EE-093,Memory,0.167951518883,0.0728621939847,0.582361897801,-0.220025580121,0.0982398440831,0.134100736951
108,EE-093,CookieTheft,0.0698205360307,0.045066786757,0.284268225836,-0.125890736342,0.00858761191303,0.0578963396066
109,EE-093,PupilCalib,0.00520029906859,0.0664076843029,0.313405201291,-0.184164687253,0.0108289177173,-0.081064620257
110,EE-100,EE-100_allsc,-0.00933142555505,0.112574623582,0.54021686357,-0.407994821168,0.32950315585,0.0284835733938
111,EE-100,Reading,-0.0647011467595,0.0898547188637,0.535199870529,-0.407994821168,-0.0241948535362,0.0435345525166
112,EE-100,CookieTheft,-0.00457080924147,0.0813215700819,0.32950315585,-0.212332092572,-0.0919242595889,0.00339860818903
113,EE-100,PupilCalib,0.00123640243401,0.114239483443,0.404758051465,-0.277553002104,0.32950315585,-0.117009224794
114,EE-105,EE-105_allsc,-0.00160397703223,0.0835123794474,0.656424435286,-0.312014189577,-0.0710000521676,-0.119202879649
115,EE-105,Reading,-0.0453809754233,0.0804372549801,0.411028222651,-0.307632114351,0.0341697532474,-0.136731180552
116,EE-105,Memory,0.0215023894931,0.0786306804166,0.375971620846,-0.294485888674,0.108665032083,-0.119202879649
117,EE-105,CookieTheft,0.00795759235995,0.0752704163318,0.656424435286,-0.312014189577,0.222598987949,0.213834837498
118,EE-105,PupilCalib,-0.0120540725196,0.161766354264,0.441702749231,-0.2988679639,-0.0710000521676,0.297094266785
119,EE-126,EE-126_allsc,0.0437454048652,0.0651548095117,0.825334382376,-0.494230264883,-0.0112772095463,0.13512981904
120,EE-126,Reading,0.0387791861988,0.0648583847519,0.825334382376,-0.494230264883,-0.0188827694729,0.133228429058
121,EE-126,CookieTheft,0.0641245929466,0.0575440168727,0.349986886966,-0.231838447417,0.0381589299764,0.0952006294257
122,EE-126,PupilCalib,0.00110690361951,0.0459103929132,0.156045108838,-0.197613427747,-0.0112772095463,-0.197613427747
123,EE-140,EE-140_allsc,-0.110089681876,0.232903411854,0.997125208811,-0.572044598112,-0.274853346801,-0.318441396993
124,EE-140,Reading,-0.0822849224485,0.253340220251,0.997125208811,-0.572044598112,-0.148051746241,-0.389767297308
125,EE-140,CookieTheft,-0.109773651623,0.206384453801,0.55728215687,-0.540344197972,-0.223340196574,-0.508643797832
126,EE-140,PupilCalib,-0.00599432811468,0.234261411589,0.501806456626,-0.318441396993,-0.274853346801,0.188765005245
127,EE-146,EE-146_allsc,-0.0589544179461,0.072477916123,0.153641157623,-0.424596670768,-0.000839046530131,-0.149650252366
128,EE-146,Reading,-0.0118651605799,0.0470097850761,0.112540919821,-0.271533716194,-0.0561117801263,-0.0532772809676
129,EE-146,Memory,-0.12607499448,0.0532044050199,0.153641157623,-0.384913682545,0.104037422345,-0.149650252366
130,EE-146,CookieTheft,-0.0973033667167,0.0573706811035,0.0983684240272,-0.424596670768,0.0147506988432,-0.109967264143
131,EE-146,PupilCalib,-0.00225279672784,0.0334184752034,0.0643544341218,-0.272950965773,-0.000839046530131,-0.0249322893798
132,EE-147,EE-147_allsc,-0.0308238410271,0.0898804243376,0.168294699095,-0.54549370714,0.00662467546076,0.0432292091139
133,EE-147,Reading,-0.0119612393019,0.0778030201971,0.156093187878,-0.417377839355,0.0630566648426,-0.176397992805
134,EE-147,Memory,0.0354374979693,0.0584423796239,0.168294699095,-0.3106146162,0.0966108206913,0.0432292091139
135,EE-147,PupilCalib,0.00591528527368,0.031209234024,0.0905100650825,-0.0970881698897,0.00662467546076,0.0722077982559
136,EE-174,Reading,-0.00788321228187,0.0685293667282,0.211841701878,-0.392381891775,-0.0665084929511,0.0319324296105
137,EE-174,CookieTheft,-0.13780664961,0.055520084283,0.0217488858972,-0.453483154055,-0.0104990025281,-0.175132959226
138,EE-174,PupilCalib,0.00324804674137,0.0394783387112,0.0692720898924,-0.137793298944,-0.0716002648077,0.0353269441816
139,EE-190,EE-190_allsc,-0.0488910127717,0.0692660994893,0.131518341586,-0.36739320384,0.0255403989299,-0.194567635817
140,EE-190,Reading,0.00713166048128,0.0416250465302,0.131518341586,-0.152176458754,0.0239099690428,-0.00706819881036
141,EE-190,Memory,-0.0957048081167,0.0492242674824,0.0793445852012,-0.36739320384,0.0288012587039,-0.194567635817
142,EE-190,CookieTheft,-0.115191770645,0.044923657724,0.0663011461051,-0.264676120958,0.0255403989299,-0.096741842596
143,EE-190,PupilCalib,0.000256958900306,0.0240646381257,0.0760837254272,-0.0608723850817,0.0255403989299,0.0190186793818
144,EH-061,EH-061_allsc,0.0287020352068,0.0873304962157,0.442967097884,-0.401032525406,-0.0130649566356,0.116257566288
145,EH-061,Reading,-0.0273799836448,0.0639532001628,0.402128406435,-0.296666980591,0.0277737348139,0.0436554481554
146,EH-061,Memory,0.122359356508,0.0516989603349,0.313644574961,-0.251290656758,0.11852638248,0.116257566288
147,EH-061,CookieTheft,0.028876354551,0.0674188866255,0.338601553069,-0.19910788435,-0.0675165452351,0.020967286239
148,EH-061,PupilCalib,-0.0146158787487,0.150628310184,0.442967097884,-0.401032525406,-0.0130649566356,-0.192301435775
149,EH-164,EH-164_allsc,-0.0976569648486,0.128866660076,0.799908184917,-0.487570623511,-0.00716808305289,-0.359463279389
150,EH-164,Reading,-0.0913469352458,0.0762695897705,0.668598157192,-0.314625708946,0.0520815636036,-0.106451274748
151,EH-164,Memory,-0.100545268886,0.146137976766,0.582125699909,-0.487570623511,-0.000762715846778,-0.359463279389
152,EH-164,CookieTheft,-0.125814207863,0.172508580903,0.799908184917,-0.473158547297,0.0408721709929,-0.261781429496
153,EH-164,PupilCalib,0.00420954391049,0.0446777717328,0.292282833833,-0.183315681221,-0.00716808305289,-0.0295868682743
154,EH-173,EH-173_allsc,-0.0555420497256,0.0747004295401,0.351160944632,-0.271432823973,0.0420718396507,0.10830521929
155,EH-173,Reading,-0.0318089815282,0.065213831655,0.351160944632,-0.271432823973,-0.0153304227029,0.00674737051002
156,EH-173,Memory,-0.0986768490489,0.0667881182893,0.240771978567,-0.253770589403,-0.0153304227029,0.10830521929
157,EH-173,CookieTheft,-0.0888703791718,0.072260979951,0.209863068069,-0.236108354832,-0.00208374677516,-0.125719388768
158,EH-173,PupilCalib,-1.33177803019e-05,0.0535569651013,0.192200833499,-0.191952768406,0.0420718396507,0.00895514983131
159,EI-0001,EI-0001_allsc,0.0581808709752,0.049227043229,0.283857981431,-0.286745565872,0.0124250439988,0.0797879627776
160,EI-0001,Reading,0.0441494647477,0.0484559310777,0.264045358261,-0.183719925387,0.0540315526563,0.0698816511924
161,EI-0001,Memory,0.07133439673,0.0449959875225,0.271970407529,-0.286745565872,0.0560128149733,0.0797879627776
162,EI-0001,CookieTheft,0.0688259203521,0.0455640314016,0.283857981431,-0.0965443834375,0.0619566019244,0.0560128149733
163,EI-0001,PupilCalib,0.00401771377193,0.045351073013,0.182813603263,-0.142113416729,0.0124250439988,-0.0133313661225
164,EI-023,EI-023_allsc,0.0237149180781,0.0675196871691,1.00865359372,-0.307106650241,0.0116980027061,0.0946240685017
165,EI-023,Reading,-0.00388680671949,0.0681404329406,0.802259829957,-0.198381363976,0.0338116202516,-0.0638568572409
166,EI-023,Memory,0.0575306675861,0.0624391642782,0.341559464426,-0.244451400529,0.00616959831977,0.0946240685017
167,EI-023,CookieTheft,0.0137920952767,0.0629069074385,1.00865359372,-0.307106650241,0.0209120100168,0.00985520124402
168,EI-023,PupilCalib,-0.000702428803095,0.029655203833,0.137008502131,-0.0933416806349,0.0116980027061,-0.00120160752873
169,EI-037,EI-037_allsc,-0.0550511822145,0.0857541924513,0.30292144871,-0.441042762185,0.127755272071,0.082487608445
170,EI-037,Reading,-0.0949743083422,0.0799414779907,0.243876670068,-0.441042762185,-0.0749651346016,-0.0572517010088
171,EI-037,CookieTheft,-0.0432681186306,0.0721401929632,0.279303537253,-0.27178106341,-0.114328320363,-0.084805931042
172,EI-037,PupilCalib,0.00181256435925,0.0855422147671,0.188768210001,-0.354443753509,0.127755272071,-0.00017508165446
173,EI-051,EI-051_allsc,-0.0137281209054,0.053012453674,0.380297063903,-0.319626943005,-0.0693747841105,0.0596614853195
174,EI-051,Reading,-0.0461510981271,0.0428095362435,0.192607944732,-0.315716753022,-0.0439585492228,-0.0693747841105
175,EI-051,Memory,0.0174855989285,0.054516687122,0.380297063903,-0.319626943005,-0.0576442141624,0.0596614853195
176,EI-051,CookieTheft,-0.0109251726484,0.0409519153261,0.143730569948,-0.257063903282,-0.034183074266,-0.0928359240069
177,EI-051,PupilCalib,0.00187038543704,0.0478355228687,0.126134715026,-0.131937823834,-0.0693747841105,0.0948531951641
178,EI-096,EI-096_allsc,0.116119996565,0.140451752836,0.751678124721,-0.306737660609,0.0160791539167,0.164257363863
179,EI-096,Reading,0.0225035529728,0.0639319425562,0.381232599856,-0.306737660609,0.0637078642566,0.15367320601
180,EI-096,Memory,0.272137742204,0.146785500062,0.751678124721,-0.163851529589,0.103398456206,0.164257363863
181,EI-096,CookieTheft,0.091618378078,0.0535640790444,0.598207835848,-0.185019845296,0.000202917136757,0.214532113666
182,EI-096,PupilCalib,0.00134862494562,0.0682678947067,0.434153389122,-0.179727766369,0.0160791539167,-0.0156733196432
183,EI-112,Reading,0.0759680110849,0.0362075893113,0.193025347939,-0.0699052759697,0.105381806636,0.00521775943271
184,EI-112,CookieTheft,0.13112320043,0.0419321753598,0.280668889242,-0.0555961263693,0.0266814838334,0.189448060539
185,EI-112,PupilCalib,-0.000173969413134,0.0266698413195,0.0839180822353,-0.200476266074,0.0231041964333,-0.0216118960682
186,EI-137,EI-137_allsc,-0.179821956599,0.0882203992472,0.222602244809,-0.523694542126,-0.0652187003228,-0.268985741124
187,EI-137,Reading,-0.162314063408,0.0397818879157,0.222602244809,-0.401434317645,-0.0843218603979,-0.173469940749
188,EI-137,CookieTheft,-0.220013181224,0.0775673385709,0.125812900429,-0.513506190086,-0.126348812563,-0.108519196493
189,EI-137,PupilCalib,-0.0018656749099,0.043873571975,0.100342020329,-0.251156125054,-0.0652187003228,0.0825124042584
190,EI-170,EI-170_allsc,-0.147078419397,0.137505317323,0.443520494518,-0.465449996321,0.0149385532416,-0.251159025683
191,EI-170,Reading,0.0718201048094,0.0499443762795,0.443520494518,-0.232320259033,0.0255353594819,-0.0250938258886
192,EI-170,Memory,-0.259491535784,0.0512358082883,0.139745382295,-0.465449996321,0.139745382295,-0.251159025683
193,EI-170,CookieTheft,-0.17461756945,0.0455052131686,0.146809919788,-0.441901538009,0.103245271911,-0.154610346604
194,EI-170,PupilCalib,0.00671511409178,0.0359469374734,0.102067848996,-0.0721907425123,0.0149385532416,-0.00272279049231
195,EI-189,EI-189_allsc,-0.110659632949,0.0645434965961,0.186882212996,-0.473560308752,-0.0364558378362,0.024164490247
196,EI-189,Reading,-0.0863212904281,0.0421135962887,0.0720226439968,-0.473560308752,-0.0699565454611,-0.154505950419
197,EI-189,CookieTheft,-0.152281728964,0.0499327425449,0.186882212996,-0.463988678002,-0.0236936635029,-0.245436442544
198,EI-189,PupilCalib,-0.000123156893066,0.0209731387775,0.0576651978719,-0.178435027294,-0.0364558378362,0.024164490247
199,EI-191,EI-191_allsc,-0.152137040418,0.0675497982354,0.0875198008599,-0.512725796361,-0.120728671645,-0.203755840422
200,EI-191,Reading,-0.0646364181492,0.0471904858294,0.0875198008599,-0.371171279102,-0.0553958175259,-0.0145627837014
201,EI-191,Memory,-0.183843885757,0.0413654184712,0.0153814411033,-0.512725796361,0.0031315309559,-0.203755840422
202,EI-191,CookieTheft,-0.17607259994,0.0367624015343,0.0426034636529,-0.471892762536,0.0330757557606,-0.175172716745
203,EI-191,PupilCalib,-0.0031228539796,0.0326325812015,0.0671032839477,-0.278616402433,-0.120728671645,0.0194647444857
204,EL-003,CookieTheft,-0.162252360385,0.100057521442,0.341776937618,-0.388441803943,-0.057561436673,0.204860923575
205,EL-101,EL-101_allsc,0.0304774034087,0.0491858801216,0.437216499091,-0.305889758962,-0.0915321845234,0.104451883534
206,EL-101,Reading,-0.00756357044517,0.0560012395168,0.424967494837,-0.305889758962,0.0493313643932,0.0574973672289
207,EL-101,Memory,0.0358303099953,0.0366560165749,0.179987409765,-0.162984709336,0.0656633700647,0.104451883534
208,EL-101,CookieTheft,0.0425950758995,0.0473953419256,0.437216499091,-0.191565719261,0.000335347378699,0.0370823601395
209,EL-101,PupilCalib,-0.00667718342528,0.0465020070176,0.282062445212,-0.126237696575,-0.0915321845234,-0.0527436710536
210,EL-122,EL-122_allsc,0.0220007166972,0.0883929547219,0.892882065597,-0.258548499651,-0.0884508025122,0.103454291696
211,EL-122,Reading,-0.0471275036878,0.0624526772589,0.469818562456,-0.24546406141,-0.0579204466155,0.0642009769714
212,EL-122,Memory,0.0814174701835,0.0596617238487,0.478541521284,-0.140788555478,0.00314026517795,0.103454291696
213,EL-122,CookieTheft,0.0380770127479,0.0475920684302,0.321528262387,-0.166957431961,-0.0579204466155,0.072923935799
214,EL-122,PupilCalib,0.00338870387874,0.189342788343,0.892882065597,-0.258548499651,-0.0884508025122,0.00314026517795
215,EL-156,EL-156_allsc,-0.311060645925,0.108987401062,0.315944072377,-0.649081580699,-0.102142325618,-0.369443465319
216,EL-156,Reading,-0.149373614704,0.0511071485329,0.0609799083539,-0.416049817883,-0.0637606235068,-0.0815806994869
217,EL-156,Memory,-0.352101810038,0.0749918055314,0.315944072377,-0.649081580699,-0.0281204715466,-0.369443465319
218,EL-156,CookieTheft,-0.35121367168,0.0561373958765,0.315944072377,-0.564093526025,-0.107625425919,-0.317354012454
219,EL-156,PupilCalib,-0.00396167108182,0.0474164971553,0.126777111973,-0.248815258685,-0.102142325618,0.0308228566953
220,EL-185,EL-185_allsc,-0.148336670875,0.0649706968595,0.0405640193559,-0.445558060394,-0.0277558405008,-0.282641471505
221,EL-185,Reading,-0.10744885847,0.0332387082327,0.00640408942751,-0.276072254211,-0.0435219620062,-0.102644917651
222,EL-185,Memory,-0.188325778506,0.0362237769306,0.0129733067214,-0.348333644444,-0.00147897132519,-0.282641471505
223,EL-185,CookieTheft,-0.188409156706,0.0356314943354,0.0405640193559,-0.445558060394,-0.00542050170154,-0.228773889695
224,EL-185,PupilCalib,-0.000282650561113,0.0191828293792,0.027425584768,-0.185417055555,-0.0277558405008,0.0208563674741
225,EO-005,Reading,-0.270858473846,0.187122239186,0.47337413925,-0.580107115532,0.47337413925,-0.302677888294
226,EO-005,CookieTheft,-0.256232350282,0.144241090418,0.499617444529,-0.520122417751,0.312165263963,-0.328921193573
227,EO-008,EO-008_allsc,-0.0175815618999,0.0631005245887,0.33438089252,-0.331076591542,-0.126587052168,-0.0468707910568
228,EO-008,Reading,-0.0443930408074,0.0462718123106,0.133357277543,-0.299883271976,-0.0538026398492,0.0484421298375
229,EO-008,Memory,0.0607342099804,0.0654842192126,0.33438089252,-0.136984825357,-8.08117087181e-05,-0.0468707910568
230,EO-008,CookieTheft,-0.0318645566035,0.0438518603559,0.122959504355,-0.331076591542,-0.0434048666607,-0.0399389422645
231,EO-008,PupilCalib,-0.00850710747185,0.0341849610219,0.081368411601,-0.133518900961,-0.126587052168,-0.0624674508395
232,EO-011,PupilCalib,-0.00527407414073,0.057934546256,0.109782947176,-0.379555623542,-0.119190572707,-0.0139366159864
233,EO-021,EO-021_allsc,0.0799905966027,0.0989745140244,0.500295972581,-0.265812609163,-0.0879659741152,0.0716399804147
234,EO-021,Reading,0.0379390020789,0.0748728102025,0.500295972581,-0.233891418257,0.0169179388616,-0.0195634221738
235,EO-021,CookieTheft,0.0867037252525,0.0837466711808,0.38401163428,-0.179169376704,0.0647997252205,0.140042532356
236,EO-021,PupilCalib,-0.0030146132866,0.111308012867,0.431893420639,-0.265812609163,-0.0879659741152,-0.0720053786622
237,EO-026,EO-026_allsc,0.0282921743277,0.0617032034009,0.58753317257,-0.455957732996,0.0211940913442,-0.455957732996
238,EO-026,Reading,0.0196028466523,0.0664738109681,0.565236358349,-0.219611502248,-0.072452528386,0.00335663996704
239,EO-026,Memory,0.089974397674,0.0612467565857,0.230784145026,-0.455957732996,-0.00110272287726,-0.455957732996
240,EO-026,CookieTheft,0.0295768772305,0.0496389059497,0.58753317257,-0.206233413715,-0.0367776256316,0.0390315427214
241,EO-026,PupilCalib,0.00207258236232,0.0613363396454,0.230784145026,-0.179477236649,0.0211940913442,-0.056844758431
242,EO-054,EO-054_allsc,-0.00392067726706,0.0493044455241,0.348089625978,-0.219527058644,-0.0527896575365,-0.0102184061898
243,EO-054,Reading,-0.0323169888919,0.0368006754584,0.103304930735,-0.215979454365,0.000424406646859,-0.0421468446998
244,EO-054,Memory,0.0471626215413,0.0409404511967,0.156518994918,-0.123741743114,0.00751961520464,-0.0102184061898
245,EO-054,CookieTheft,-0.0101279179185,0.0397686709357,0.348089625978,-0.219527058644,-0.0740752832098,-0.0368254382815
246,EO-054,PupilCalib,-0.00225377244546,0.0285156651676,0.0696026900852,-0.082944293907,-0.0527896575365,-0.0261826254448
247,EO-080,EO-080_allsc,-0.105200865955,0.134966713828,0.866446245156,-0.526653838857,0.131412775414,-0.23417978807
248,EO-080,Reading,-0.128069668721,0.15862866093,0.593213908236,-0.526653838857,-0.164909618147,-0.0302176210737
249,EO-080,Memory,-0.0933469784073,0.08124450465,0.210303802271,-0.349630071276,-0.276511558579,-0.23417978807
250,EO-080,CookieTheft,-0.120145314922,0.115233311977,0.573972194368,-0.434293612293,-0.241876473617,-0.111032819318
251,EO-080,PupilCalib,-0.0104504604044,0.175674565184,0.866446245156,-0.384265156237,0.131412775414,0.0390525488496
252,EO-083,EO-083_allsc,0.0903446472916,0.0776681656507,0.705171101315,-0.25703259157,-0.00125692637244,0.286998188374
253,EO-083,Reading,0.0328886479449,0.0392478286419,0.364136881052,-0.188013761278,0.0109228672084,-0.0418562383085
254,EO-083,CookieTheft,0.101804629299,0.0413029086462,0.404736192988,-0.200193554859,0.0616720071285,0.0515221791445
255,EO-083,PupilCalib,-0.0022205485955,0.0218578173725,0.0474622479509,-0.0905754126318,-0.00125692637244,-0.0601259286798
256,EO-091,Reading,0.0268664831301,0.0679882275687,0.425709564683,-0.3770745902,0.0155438899206,-0.0129703013731
257,EO-091,CookieTheft,0.0320273435653,0.0588834406311,0.311652799509,-0.197215845117,-0.0349042946759,0.0177372892509
258,EO-094,EO-094_allsc,0.0121456195971,0.108058742702,0.533466076411,-0.350435281306,-0.218877869925,0.0236811073092
259,EO-094,Reading,-0.0850275085689,0.116953619515,0.533466076411,-0.350435281306,-0.0893760430964,-0.0626534439096
260,EO-094,Memory,0.0550767543512,0.0925221228664,0.393686326819,-0.268211899193,-0.0729313666738,0.0236811073092
261,EO-094,CookieTheft,-0.0332058370675,0.0682470229396,0.377241650396,-0.268211899193,-0.140765656917,-0.124320980495
262,EO-094,PupilCalib,0.000842453228704,0.1089503918,0.336129959339,-0.296990082932,-0.218877869925,0.0524592910489
263,EO-143,EO-143_allsc,-0.132037568086,0.0659168897151,0.185854678564,-0.386743723371,-0.0106583824554,-0.168207646893
264,EO-143,Reading,-0.0873578828799,0.0412539664329,0.148584960095,-0.386743723371,-0.0225169292411,-0.308816130209
265,EO-143,Memory,-0.136902749019,0.040282380451,0.0791277574929,-0.281710880413,0.0333876484626,-0.168207646893
266,EO-143,CookieTheft,-0.178345127738,0.0479955197731,0.185854678564,-0.305427973984,-0.0750333507203,-0.125855694087
267,EO-143,PupilCalib,-0.00339696486475,0.0285427264809,0.0842099918296,-0.0733392726081,-0.0106583824554,-0.0597866477102
268,EO-166,EO-166_allsc,0.0191172155557,0.110529952709,1.24177384834,-0.370811913668,-0.0725301542216,0.0999139879583
269,EO-166,Reading,0.0155950745176,0.101401018645,0.822315124117,-0.305562778789,0.0533074630448,0.109235292941
270,EO-166,CookieTheft,0.0268420518505,0.109320172981,1.24177384834,-0.370811913668,0.249054867681,0.0439861580621
271,EO-166,PupilCalib,-0.00555514632117,0.148318627454,0.654531634429,-0.291580821315,-0.0725301542216,-0.00262036685136
272,EO-182,EO-182_allsc,-0.0663199655554,0.0954537986862,0.386721550699,-0.351707675048,-0.00156048349683,-0.167967069581
273,EO-182,Reading,-0.00669832756821,0.0544269090122,0.386721550699,-0.164500265704,0.0712423979149,-0.0379619242027
274,EO-182,CookieTheft,-0.176558760753,0.0544249351685,0.263650013074,-0.303172420774,-0.0188945028806,-0.0379619242027
275,EO-182,PupilCalib,-0.006831730375,0.0296773180618,0.0504415746544,-0.114231609491,-0.00156048349683,-0.0500957377713
276,EO-186,EO-186_allsc,-0.0319212728783,0.0844960994467,0.436928702011,-0.425959780622,-0.0402193784278,0.0603290676417
277,EO-186,Reading,0.0139099911381,0.051654884916,0.382084095064,-0.312614259598,0.0073126142596,0.0639853747715
278,EO-186,CookieTheft,-0.133691272785,0.0682404279509,0.436928702011,-0.425959780622,-0.0530164533821,-0.0639853747715
279,EO-186,PupilCalib,-0.00272701878213,0.0478919565628,0.159049360146,-0.228519195612,-0.0402193784278,-0.0493601462523
280,ER-017,CookieTheft,0.100834081484,0.149660053337,0.598981017339,-0.387624291232,-0.00583449749363,0.0281863752157
281,ER-017,PupilCalib,0.00618689196222,0.0845485075012,0.398635878051,-0.35738351549,-0.013394691429,0.130248993344
282,ER-040,ER-040_allsc,-0.00635259654861,0.121354506822,0.316728933167,-0.668119551681,0.0199252801993,-0.0313408053134
283,ER-040,Reading,-0.0202703087507,0.122919321639,0.206102117061,-0.562889165629,-0.214819427148,0.0253217102532
284,ER-040,CookieTheft,-0.0282637886197,0.155395424256,0.211498547115,-0.668119551681,0.111664591117,0.0442092154421
285,ER-040,PupilCalib,0.00544658090375,0.0359861872887,0.154836031548,-0.266085512661,0.0199252801993,0.0145288501453
286,ER-059,ER-059_allsc,0.243109400253,0.131538475292,0.985497141263,-0.363938083949,0.071817040859,0.156156742435
287,ER-059,Reading,0.300016714341,0.129947253968,0.743020499233,-0.363938083949,0.282666294798,-0.0300934318784
288,ER-059,Memory,0.249837978843,0.134702791607,0.985497141263,-0.300683307767,0.135071817041,0.156156742435
289,ER-059,CookieTheft,0.226380833887,0.11023758118,0.851959280435,-0.160117138474,0.00504811044485,0.119258122995
290,ER-059,PupilCalib,0.00021806658186,0.0411370579147,0.0946590433691,-0.202286989262,0.071817040859,-0.0546925115047
291,ER-129,ER-129_allsc,-0.113187601248,0.0850508709582,0.694067205514,-0.402689451442,-0.120907356501,-0.109096130965
292,ER-129,Reading,-0.0947180550847,0.0597561600368,0.196308415049,-0.352069913429,0.0292639396053,-0.132718582038
293,ER-129,CookieTheft,-0.176434647028,0.0730542353011,0.177747917778,-0.402689451442,-0.0230429163419,-0.222146432528
294,ER-129,PupilCalib,-0.0034304237815,0.0594418413671,0.255364542732,-0.132718582038,-0.120907356501,0.0191400320026
295,ER-167,ER-167_allsc,-0.155259195411,0.100360462652,0.0779506544907,-0.446284562735,-0.0284344873913,-0.323236687787
296,ER-167,Reading,-0.0938288166104,0.0402375954489,0.044625188359,-0.233514278971,-0.0386884769703,-0.0630417022204
297,ER-167,Memory,-0.253415505841,0.059652355225,0.068978413609,-0.446284562735,-0.0950854196547,-0.323236687787
298,ER-167,CookieTheft,-0.262347719587,0.0541389746962,-0.051505963944,-0.401423358327,-0.0681686970099,-0.305292206024
299,ER-167,PupilCalib,0.000431561397456,0.0273320454721,0.0779506544907,-0.0745774404967,-0.0284344873913,0.00745447613515
300,ET-090,ET-090_allsc,0.116599785839,0.0613873728211,0.505532503458,-0.167358229599,0.0650069156293,0.0892116182573
301,ET-090,Reading,0.0792539708856,0.0532726592362,0.331258644537,-0.114107883817,0.132780082988,0.021438450899
302,ET-090,Memory,0.111187782185,0.0425988306266,0.505532503458,-0.13347164592,0.251383125864,0.0892116182573
303,ET-090,CookieTheft,0.158079398032,0.0400070344916,0.345781466113,-0.060857538036,0.140041493776,0.127939142462
304,ET-090,PupilCalib,0.00328492392808,0.0446810174205,0.215076071923,-0.167358229599,0.0650069156293,-0.0511756569848
305,EU-015,EU-015_allsc,-0.0213403856211,0.130441945224,0.823111785416,-0.363715936278,-0.151621248371,0.0198595631285
306,EU-015,Reading,-0.0607115208807,0.136713667996,0.823111785416,-0.363715936278,-0.135826963101,-0.0794188014238
307,EU-015,Memory,0.0807344743848,0.0977921210541,0.620042403377,-0.237361654121,-0.0794188014238,0.0198595631285
308,EU-015,CookieTheft,-0.0301157457882,0.112501515273,0.615529750443,-0.336640018673,-0.0997257396277,-0.0568555367528
309,EU-015,PupilCalib,-0.00118632199335,0.141578657709,0.371846491996,-0.275719204061,-0.151621248371,0.0469354807337
310,EU-024,EU-024_allsc,0.0511538273143,0.0520210241099,0.227438732338,-0.254909395705,0.00979384529417,0.174498084138
311,EU-024,Reading,0.029554842138,0.0427371754298,0.196066496368,-0.254909395705,0.0646952582422,0.0941067294644
312,EU-024,Memory,0.0624269225532,0.0488320041471,0.199988025864,-0.23922327772,0.0744990819829,0.174498084138
313,EU-024,CookieTheft,0.0799317042621,0.0487142122648,0.227438732338,-0.227458689231,0.0509699050052,0.0588129639978
314,EU-024,PupilCalib,0.00228319062585,0.0239104413331,0.0725383172348,-0.0647152151353,0.00979384529417,0.0372445517682
315,EU-161,EU-161_allsc,-0.234376961754,0.111722573181,0.0667532374984,-0.562424036075,-0.0109229691156,-0.282789692264
316,EU-161,Reading,-0.124733159819,0.0718289651542,0.0667532374984,-0.562424036075,-0.027752813882,-0.495104657009
317,EU-161,Memory,-0.269544995825,0.0365994544068,-0.166275382344,-0.479569415686,-0.427785277944,-0.282789692264
318,EU-161,CookieTheft,-0.30762169627,0.0557185581695,0.0434503755142,-0.427785277944,0.0175583066429,-0.357876691991
319,EU-161,PupilCalib,-0.00349737948744,0.019503969164,0.0641640306112,-0.0627071068582,-0.0109229691156,-0.0161013828899
320,EY-035,PupilCalib,-0.00170654920131,0.0757796613627,0.247112181986,-0.290663706013,-0.122402538603,-0.115804061449
321,EY-043,EY-043_allsc,0.135666506634,0.107142142795,0.568264784619,-0.258313520664,-0.126507790903,0.340397251811
322,EY-043,Reading,0.0656290979572,0.0654662094263,0.322525288454,-0.166719708457,0.0834877785474,0.188485563273
323,EY-043,Memory,0.241874168594,0.0896441792327,0.568264784619,-0.258313520664,0.168379604495,0.340397251811
324,EY-043,CookieTheft,0.13655301309,0.0526574960367,0.326993279293,-0.0885298687684,0.0187019113765,0.121465700682
325,EY-043,PupilCalib,0.00407383177914,0.0902333295099,0.322525288454,-0.231505575628,-0.126507790903,-0.0081060336597
326,EY-088,EY-088_allsc,-0.0118567137276,0.0633316523858,0.485035586106,-0.465387189002,-0.0410913072571,0.00699555934059
327,EY-088,Reading,-0.0639573136205,0.040597986887,0.0564967455441,-0.465387189002,-0.0905924934607,0.0239673946104
328,EY-088,Memory,0.0393671194932,0.05475048896,0.485035586106,-0.422957600827,-0.00573331711175,0.00699555934059
329,EY-088,CookieTheft,-0.0431077696845,0.0401367081249,0.202171664943,-0.332441146055,0.00133828091733,-0.0509915444978
330,EY-088,PupilCalib,-0.00825917240777,0.0413049163087,0.0819544984488,-0.0948354522781,-0.0410913072571,-0.0453342660746
331,HA-0002,HA-0002_allsc,0.10082371747,0.0553604832891,0.262466358036,-0.207177495206,-0.0209119669708,0.0570966730591
332,HA-0002,Reading,0.110881884988,0.0457367141185,0.262466358036,-0.0320560584037,0.0889369342959,0.112817130223
333,HA-0002,Memory,0.10370472333,0.0427928806813,0.225850057614,-0.207177495206,0.171721613511,0.0570966730591
334,HA-0002,CookieTheft,0.133008101216,0.0367064534778,0.227442070676,0.0172963465132,0.0618727122447,0.0268484248843
335,HA-0002,PupilCalib,-0.00039040505115,0.0228804322886,0.0507286208118,-0.203993469082,-0.0209119669708,0.0109282942659
336,HA-006,HA-006_allsc,0.0213754179754,0.0728114247148,0.303218712426,-0.47871251503,0.111258118298,0.10949701193
337,HA-006,Reading,-0.0404471341278,0.0581795094037,0.188746798496,-0.47871251503,-0.00849711473563,0.0320083317317
338,HA-006,Memory,0.101689625549,0.0560509943031,0.303218712426,-0.246246474435,0.0284861189954,0.10949701193
339,HA-006,CookieTheft,0.00509065242282,0.044311919532,0.186985692128,-0.284990814534,0.0355305444679,-0.0102582211038
340,HA-006,PupilCalib,0.00991719446274,0.0535263998718,0.211641181282,-0.144102305083,0.111258118298,0.0267250126272
341,HA-016,HA-016_allsc,-0.0934270122646,0.172424417278,0.586347722632,-0.529615501307,0.0847642520871,-0.0208322680275
342,HA-016,Reading,-0.0488117129501,0.171094950347,0.543149146221,-0.529615501307,-0.0304319516743,0.185560930378
343,HA-016,Memory,-0.204634642607,0.129384438239,0.233559348612,-0.522415738572,-0.0472313980562,-0.0208322680275
344,HA-016,CookieTheft,-0.033892854571,0.161698066157,0.586347722632,-0.450418111221,-0.102429579025,-0.102429579025
345,HA-016,PupilCalib,-0.00595219633264,0.130689674248,0.535949383486,-0.330422065636,0.0847642520871,-0.0664307653498
346,HA-018,Reading,-0.0267644604269,0.111466613371,0.499373777768,-0.398233394124,-0.0502845465931,-0.0217090373756
347,HA-018,CookieTheft,-0.0263618852666,0.139782640577,0.53635384852,-0.465469886401,-0.0317945112171,-0.0317945112171
348,HA-018,PupilCalib,-0.00212357600175,0.0982692387019,0.327920722463,-0.136011074246,-0.0855837050383,0.190085913296
349,HA-019,HA-019_allsc,0.121978684521,0.0686686525975,0.34274238955,-0.428549979355,0.104913479224,0.0305919447468
350,HA-019,Reading,0.11055603347,0.0456573240561,0.251904958523,-0.160992455238,0.0999587102586,0.215569986112
351,HA-019,Memory,0.126523752796,0.0649409544776,0.34274238955,-0.428549979355,0.132990503359,0.0305919447468
352,HA-019,CookieTheft,0.143001864065,0.0676797613383,0.331181261965,-0.336060958673,0.0801396343981,-0.000788258698996
353,HA-019,PupilCalib,0.00409353304882,0.0546417598627,0.121429375774,-0.154386096618,0.104913479224,-0.0536391276604
354,HA-025,HA-025_allsc,-0.0421905413784,0.0736950414286,0.421817487236,-0.428415080508,0.128880215996,-0.0104436081298
355,HA-025,Reading,-0.0877255234158,0.0699104822242,0.421817487236,-0.378401400053,-0.0693883029524,-0.110470969041
356,HA-025,Memory,-0.0142886840827,0.0572162286386,0.303928097591,-0.428415080508,-0.076533114446,-0.0104436081298
357,HA-025,CookieTheft,-0.0309168454633,0.0518498843009,0.275348851616,-0.253367198914,0.075294129794,-0.0997537518004
358,HA-025,PupilCalib,0.00440153249755,0.10393450152,0.36108658954,-0.196208706965,0.128880215996,0.00920462347773
359,HA-027,HA-027_allsc,0.091003641713,0.0629927279939,0.393706493925,-0.0929039242704,0.0546051572034,0.0579961705707
360,HA-027,Reading,0.069414215858,0.0392565260822,0.19872322531,-0.0776443641179,0.0851242775084,0.0647781973051
361,HA-027,Memory,0.165154597949,0.0667989887175,0.393706493925,0.0206950235313,0.0664737039887,0.0579961705707
362,HA-027,CookieTheft,0.107563627942,0.0423917326551,0.219069305513,-0.0233881502425,0.039345597051,0.0376500903674
363,HA-027,PupilCalib,0.00375103843827,0.0385883430051,0.0834287708248,-0.0929039242704,0.0546051572034,0.0579961705707
364,HA-039,HA-039_allsc,0.0362805627037,0.0489061002995,0.237387010883,-0.356558754341,-0.0116371250571,0.112101576031
365,HA-039,Reading,0.0236831906717,0.0383612213954,0.177064394103,-0.129188891091,-0.0410250665656,-0.00854365752988
366,HA-039,Memory,0.0601469412993,0.0547527894766,0.237387010883,-0.356558754341,0.0131106151606,0.112101576031
367,HA-039,CookieTheft,0.0367633996163,0.0425090674205,0.173970926575,-0.248287390888,0.00847041386977,0.0533256930143
368,HA-039,PupilCalib,-0.00701825802508,0.0492230900913,0.116741777322,-0.138469293673,-0.0116371250571,-0.0611326054924
369,HA-044,HA-044_allsc,-0.0493083361696,0.0976517712194,0.520406181505,-0.441407947914,-0.0511333684765,-0.117720500513
370,HA-044,Reading,-0.0765653459939,0.142030747546,0.520406181505,-0.345226534972,0.0413487593523,-0.00119301944899
371,HA-044,Memory,-0.0282756701382,0.085495091274,0.335441925848,-0.385918671217,-0.062231223816,-0.117720500513
372,HA-044,CookieTheft,-0.0672665628212,0.064780985248,0.394630487658,-0.441407947914,-0.0788780068252,-0.110321930287
373,HA-058,HA-058_allsc,0.023159134514,0.0552446601358,0.332768167962,-0.201313107628,-0.0194982052993,0.0486823830739
374,HA-058,Reading,-0.00495750539499,0.0442005501992,0.108746234736,-0.157482729388,-0.00488807921935,0.0308255623095
375,HA-058,Memory,0.0559635093568,0.0626539135815,0.332768167962,-0.201313107628,-0.0308616366949,0.0486823830739
376,HA-058,CookieTheft,0.0365496308606,0.051478081832,0.215887159323,-0.15910607673,-1.80371926927e-05,0.0340722569939
377,HA-058,PupilCalib,-1.4347766915e-05,0.0277721041247,0.0762792878916,-0.0746920149348,-0.0194982052993,0.0194621309139
378,HA-065,HA-065_allsc,0.0478250724578,0.0818554072731,0.320027714208,-0.304927670117,0.0365113691239,0.00602574062021
379,HA-065,Reading,-0.034618843972,0.0429525066263,0.0974826261311,-0.201276533205,-0.0640912049382,-0.11744105482
380,HA-065,Memory,0.136598889188,0.0909400777306,0.320027714208,-0.304927670117,0.140162506036,0.00602574062021
381,HA-065,CookieTheft,0.0384992968594,0.0407892014455,0.248386487224,-0.271393478763,0.146259631737,-0.0336055764345
382,HA-065,PupilCalib,-0.000714112040905,0.0614293654372,0.172172415965,-0.16164521615,0.0365113691239,-0.0549455163871
383,HA-066,HA-066_allsc,-0.0210773613053,0.0908800717169,0.518170829684,-0.322732174782,0.0181744486505,-0.00909808122408
384,HA-066,Reading,-0.0910265347904,0.0754363761421,0.518170829684,-0.322732174782,0.00226547289032,-0.136369887305
385,HA-066,Memory,-0.0269639285467,0.0992095804448,0.409080710186,-0.28182337997,-7.23793255729e-06,-0.00909808122408
386,HA-066,CookieTheft,0.0105809032318,0.0649729149374,0.518170829684,-0.31364133149,-0.00455265957832,0.0318107135878
387,HA-066,PupilCalib,-0.00483302023101,0.120497404756,0.422716975123,-0.295459644907,0.0181744486505,0.227263844355
388,HA-068,HA-068_allsc,-0.0122041335637,0.0648207334537,0.368695552499,-0.527922971114,0.00480284273269,-0.149277854195
389,HA-068,Reading,-0.0310606539988,0.0488382044916,0.368695552499,-0.298441082072,0.00808115543329,-0.0935465382852
390,HA-068,Memory,-0.0519200722321,0.0560865646046,0.196584135718,-0.527922971114,-0.0279802842733,-0.149277854195
391,HA-068,CookieTheft,0.0523941305087,0.0407823701933,0.196584135718,-0.170586886749,0.0129986244842,0.00316368638239
392,HA-068,PupilCalib,-0.00163637753046,0.0330096682863,0.134296194406,-0.114855570839,0.00480284273269,0.0310293443375
393,HA-077,HA-077_allsc,0.0206734856585,0.04939459742,0.386136798981,-0.252215674234,0.0250116855621,-0.0461190185961
394,HA-077,Reading,0.00530671367614,0.0415106393378,0.145386723368,-0.175613377448,0.128971945486,-0.0588860680604
395,HA-077,Memory,0.00311692798623,0.049221142826,0.18551173597,-0.252215674234,0.0323071423989,-0.0461190185961
396,HA-077,CookieTheft,0.0411624883975,0.0431753739152,0.386136798981,-0.228505439515,0.00494917926111,0.0560173771183
397,HA-077,PupilCalib,-0.00267510843935,0.0369450502755,0.167273093879,-0.0807724385706,0.0250116855621,-0.0132894628307
398,HA-082,HA-082_allsc,0.0193829433346,0.0486222448467,0.490309620229,-0.349013105449,0.00309301361564,-0.0153311437773
399,HA-082,Reading,0.0227868569315,0.0364257205609,0.240559931125,-0.136111731131,0.0337999426039,-0.00304837218201
400,HA-082,Memory,0.00586958687706,0.0444927403199,0.490309620229,-0.332636076656,0.072695385989,-0.0153311437773
401,HA-082,CookieTheft,0.0530117743773,0.0406263925263,0.363387647078,-0.349013105449,0.0317528140047,0.0358470712031
402,HA-082,PupilCalib,-0.00459938543192,0.0780538751503,0.40842447626,-0.168865788718,0.00309301361564,-0.0439909441663
403,HA-086,HA-086_allsc,0.115643383479,0.0703946739136,0.413837813556,-0.265822009413,-0.00413480484742,0.0794597188333
404,HA-086,Reading,0.0809966119395,0.0459881495955,0.232110588163,-0.167689307701,0.0267588234694,0.0758251743254
405,HA-086,CookieTheft,0.167758454631,0.0602019825626,0.413837813556,-0.265822009413,0.2030342321,0.146698792229
406,HA-086,PupilCalib,0.00142291356086,0.0396288838147,0.104901530388,-0.145882040654,-0.00413480484742,-0.0277593441485
407,HA-089,HA-089_allsc,0.0320642472239,0.0641858156265,0.575046243284,-0.342728794151,-0.014093191227,0.0620540826213
408,HA-089,Reading,-0.0137324731767,0.0505279440246,0.158240112746,-0.342728794151,-0.0201048181098,-0.138333480137
409,HA-089,Memory,0.0399361112078,0.0583744321743,0.575046243284,-0.1864264952,0.00193781379371,0.0620540826213
410,HA-089,CookieTheft,0.052219670227,0.0628814496224,0.394697436801,-0.266581520303,0.0460230776006,0.0279881969523
411,HA-089,PupilCalib,-0.000900254402829,0.0471537952314,0.186294371532,-0.150356733903,-0.014093191227,0.0580463313662
412,HA-092,HA-092_allsc,0.0984803760527,0.0932641547126,0.484104532236,-0.447268986528,0.0488832617856,0.127223090467
413,HA-092,Reading,0.0514289366492,0.0723859750897,0.427525767077,-0.447268986528,0.131575303171,0.218619557261
414,HA-092,Memory,0.119341230276,0.113002125235,0.436230192486,-0.38198579596,0.0662921126036,0.127223090467
415,HA-092,CookieTheft,0.110616213293,0.0683718489432,0.484104532236,-0.199192862371,0.0488832617856,-0.0990919701676
416,HA-103,HA-103_allsc,0.00410970524967,0.0554618038666,0.253808495758,-0.442393650987,-0.00565573022775,-0.0201599416183
417,HA-103,Reading,-0.0190326960515,0.0490371475716,0.161948490285,-0.319913643689,0.0152947973363,-0.0459452063125
418,HA-103,Memory,0.0465298073472,0.0525854501565,0.253808495758,-0.406938912032,0.0781463800286,-0.0201599416183
419,HA-103,CookieTheft,-0.0150911264075,0.0446304160041,0.147444278894,-0.442393650987,0.00562532307599,-0.0781767871803
420,HA-103,PupilCalib,-0.000963926937345,0.0276908750551,0.0571958524645,-0.0749536290936,-0.00565573022775,0.0249642715967
421,HA-104,HA-104_allsc,0.149895440199,0.101236955999,0.641620811337,-0.420016200665,0.0633036321146,0.599955308511
422,HA-104,CookieTheft,0.193758259368,0.0891337292312,0.641620811337,-0.223355027327,0.183300280253,0.0683034924537
423,HA-104,PupilCalib,0.0026451533253,0.0323427620232,0.0966360343752,-0.203355585971,0.0633036321146,0.00997178849753
424,HA-108,Reading,0.102293063378,0.0712355965691,0.693166073769,-0.259239842726,0.078385535079,-0.188691256319
425,HA-108,PupilCalib,0.00338168405857,0.0630673822458,0.32026640276,-0.168534517346,0.0834247198224,0.00531735630032
426,HA-113,HA-113_allsc,0.0142312609592,0.0573838882516,0.354368774185,-0.195117985627,0.0177113931734,0.0544728313299
427,HA-113,Reading,-0.0238671981084,0.0417441243564,0.354368774185,-0.133203984521,0.00610251796612,-0.075159608485
428,HA-113,Memory,0.0762228809432,0.0682893493028,0.226671146905,-0.195117985627,0.0157765806389,0.0544728313299
429,HA-113,CookieTheft,0.0326232180184,0.0275053057697,0.124126082574,-0.0867684836923,0.0177113931734,0.0660817065372
430,HA-113,PupilCalib,0.0032600702609,0.0353909147302,0.0776905817445,-0.106116609038,0.0177113931734,0.0564076438644
431,HA-128,HA-128_allsc,0.143840469037,0.0712926380007,0.661174309713,-0.213725976525,0.0476078752086,0.308941726942
432,HA-128,Reading,0.050521981586,0.0572493998287,0.258947424871,-0.195546230317,0.111236986935,0.072605026244
433,HA-128,Memory,0.172427588703,0.0526942360354,0.661174309713,-0.200091166869,0.0998746455553,0.308941726942
434,HA-128,CookieTheft,0.0878970971891,0.0473936377476,0.29303444901,-0.191001293765,0.0862398358996,0.140779074522
435,HA-128,PupilCalib,0.00521420732301,0.064191686788,0.295306917286,-0.213725976525,0.0476078752086,0.113509455211
436,HA-142,HA-142_allsc,-0.140726030066,0.0562595863416,0.098017655886,-0.491503273865,-0.0486640920377,-0.149245862043
437,HA-142,Reading,-0.126198304709,0.0360615894876,0.0100086071318,-0.291736702883,-0.0486640920377,-0.019327742453
438,HA-142,Memory,-0.153733293859,0.0459133926912,0.0225813283824,-0.491503273865,-0.0612368132883,-0.149245862043
439,HA-142,CookieTheft,-0.17518957256,0.0551523688478,0.098017655886,-0.396509379971,0.00581770004822,-0.214903406351
440,HA-142,PupilCalib,-0.00571449530278,0.0265994164604,0.0463298018557,-0.244239755936,-0.0486640920377,0.00581770004822
441,HA-154,HA-154_allsc,-0.273491741995,0.110323774498,0.0529473762469,-0.591290163167,-0.0717437604139,-0.286489606885
442,HA-154,Reading,-0.252873287755,0.0631165498584,-0.0255618579469,-0.570508307057,-0.156025732416,-0.211444015376
443,HA-154,Memory,-0.342977883325,0.0585154193234,-0.106380187264,-0.563581021687,-0.106380187264,-0.286489606885
444,HA-154,CookieTheft,-0.32877165979,0.0517417445451,-0.0844437835923,-0.591290163167,-0.0994529018941,-0.367307936203
445,HA-154,PupilCalib,-0.00631596243222,0.0319454995512,0.0529473762469,-0.171034850718,-0.0717437604139,-0.0174800250152
446,HA-159,HA-159_allsc,-0.0263665305468,0.0741010154255,0.186984742217,-0.443654895205,0.110962429761,-0.149932324351
447,HA-159,Reading,0.00356781458148,0.0619695508619,0.186984742217,-0.305432508921,0.0798623928469,-0.0393544153234
448,HA-159,CookieTheft,-0.0505173835411,0.0778904064906,0.178345843075,-0.443654895205,-0.00479881875231,-0.0842766908658
449,HA-159,PupilCalib,0.0103870108193,0.0487087260388,0.126512448218,-0.149932324351,0.110962429761,0.0694957138756
450,HA-163,HA-163_allsc,-0.132068972138,0.113314652337,0.202431473657,-0.447501560447,-0.282527076492,-0.171805946321
451,HA-163,Reading,-0.0639884801932,0.0532934269977,0.202431473657,-0.32681552856,-0.0223324205897,-0.0909795212958
452,HA-163,Memory,-0.259608993096,0.0961567814752,0.155928598986,-0.447501560447,0.155928598986,-0.171805946321
453,HA-163,CookieTheft,-0.224212177813,0.0698287003527,0.124926682538,-0.435322236128,0.124926682538,-0.232702567915
454,HA-163,PupilCalib,-0.00632865817466,0.0486988765319,0.0950319773916,-0.282527076492,-0.282527076492,-0.0167963640812
455,HA-172,HA-172_allsc,-0.1785584307,0.0961670928002,0.137208735893,-0.497954671779,-0.00605167342197,-0.277358997258
456,HA-172,Reading,-0.0967688839484,0.0540483033042,0.137208735893,-0.36610438356,-0.0681734438331,-0.0821191473948
457,HA-172,Memory,-0.249725198833,0.0536929894441,0.0345176460302,-0.445975231231,0.0180363600027,-0.277358997258
458,HA-172,CookieTheft,-0.229763200379,0.0532451712722,0.0611412619207,-0.497954671779,0.0193041512356,-0.271020041094
459,HA-172,PupilCalib,-0.00449922220333,0.0387114154807,0.0839615041125,-0.302714821916,-0.00605167342197,-0.0466209928741
460,HA-177,HA-177_allsc,-0.126486892853,0.101019743629,0.157819874572,-0.492292889225,-0.0635280426259,-0.207481583181
461,HA-177,Reading,-0.0667648601726,0.0636170294412,0.114479023652,-0.31583371048,-0.0944857932829,-0.13627875667
462,HA-177,Memory,-0.225164896828,0.069090358905,0.157819874572,-0.492292889225,-0.0186393041732,-0.207481583181
463,HA-177,CookieTheft,-0.167964340786,0.0630615463052,0.0479198597393,-0.396323862189,-0.0465012797645,-0.222960458509
464,HA-177,PupilCalib,-0.00271269278149,0.0605941704198,0.111383248586,-0.235343558772,-0.0635280426259,-0.0170914166404
465,HA-181,Reading,0.0250181737791,0.0764321854283,0.387387079113,-0.273662058582,0.0140167328223,0.0507416849165
466,HA-181,CookieTheft,-0.108902543869,0.0803379412815,0.358823227484,-0.481770120449,0.0201375581714,-0.163487202299
467,HA-181,PupilCalib,-0.0028182841161,0.0801157595536,0.242527545853,-0.175728852998,0.130312414454,-0.0553526211333
468,HA-192,HA-192_allsc,0.00449644394455,0.153488573468,0.591852783894,-0.50597672224,0.170364669932,0.0743045881454
469,HA-192,Reading,0.0288542595146,0.103876527408,0.591852783894,-0.396193771626,0.0899878668045,0.133116883117
470,HA-192,Memory,0.105247624851,0.139890361515,0.454624095628,-0.353064755314,0.307593358199,0.0743045881454
471,HA-192,CookieTheft,-0.138234808504,0.132858058726,0.360524423673,-0.50597672224,-0.207994427718,-0.307975329169
472,HA-192,PupilCalib,0.00840359813602,0.0729128430958,0.258583112389,-0.290331640678,0.170364669932,0.0860670471397
473,HA-196,HA-196_allsc,-0.102843043424,0.0658975399644,0.0928147293776,-0.364885300525,-0.020492118416,-0.197906787988
474,HA-196,Reading,-0.0210226915846,0.0355235307913,0.0928147293776,-0.296304840019,-0.0100559613824,-0.0443461916357
475,HA-196,Memory,-0.158252128751,0.0347548381887,0.0406339442095,-0.364885300525,0.0212525097185,-0.197906787988
476,HA-196,CookieTheft,-0.117297662415,0.0318466423087,-0.00409244307745,-0.278414285104,-0.0219829979922,-0.105472254261
477,HA-196,PupilCalib,-0.00157745463343,0.0175604776241,0.043615703362,-0.0503097099406,-0.020492118416,-0.0428553120595
478,HC-116,HC-116_allsc,0.0936191073716,0.0630102070377,0.284608598011,-0.273018928457,-0.0210538979788,0.036774141803
479,HC-116,Reading,0.058904871795,0.0526486388629,0.26808630093,-0.273018928457,0.125581488611,0.0801451716394
480,HC-116,Memory,0.0418701224016,0.0525009749374,0.166887231312,-0.0871430863009,0.0760145973693,0.036774141803
481,HC-116,CookieTheft,0.136010131329,0.0346725746958,0.284608598011,-0.0623596406801,0.144169072826,0.129712062881
482,HC-116,PupilCalib,0.00497194693415,0.0325501943292,0.133842637151,-0.0809472248957,-0.0210538979788,0.00786012191209
483,HE-012,HE-012_allsc,0.0823272040712,0.0492042455387,0.444295427463,-0.181822005187,0.0409682469217,0.12163368303
484,HE-012,Reading,0.0564516950307,0.0363093990092,0.444295427463,-0.141489287133,-0.00320568237576,0.0505712750298
485,HE-012,Memory,0.114792819506,0.0368696478345,0.213822752868,-0.0781093016192,0.0524918806514,0.12163368303
486,HE-012,CookieTheft,0.105684194423,0.0347730641108,0.200378513517,-0.0704268791327,0.0390476413,0.123554288652
487,HE-012,PupilCalib,0.00196640496215,0.0368253403799,0.0889833874623,-0.181822005187,0.0409682469217,-0.0204911329704
488,HE-022,HE-022_allsc,0.0981128828965,0.0889047136087,0.467346601305,-0.275954957886,0.109175383663,0.151539721234
489,HE-022,Reading,0.0751555368265,0.0566971487425,0.297889251023,-0.275954957886,0.0918445182937,0.0822162597549
490,HE-022,Memory,0.182441846258,0.0978979942161,0.467346601305,-0.218185406654,-0.0756871802805,0.151539721234
491,HE-022,CookieTheft,0.0779122983272,0.069261933455,0.272855778822,-0.171969765668,0.020595405107,-0.00251241538601
492,HE-022,PupilCalib,0.0123227335513,0.0501479855791,0.186201451973,-0.0891667422347,0.109175383663,0.0822162597549
493,HE-030,HE-030_allsc,0.139782013233,0.0737749000303,0.464056733049,-0.542374746192,0.0821288896446,0.0425597887514
494,HE-030,Reading,0.0946403160592,0.0498753357945,0.252448063055,-0.143242945878,0.138901947448,0.0907308680997
495,HE-030,Memory,0.217895055622,0.056546161692,0.464056733049,-0.0881902837653,0.205997379397,0.0425597887514
496,HE-030,CookieTheft,0.1641034901,0.0417376179246,0.379757344189,-0.542374746192,0.126859177611,0.252448063055
497,HE-030,PupilCalib,0.00265651027794,0.0272216194178,0.0821288896446,-0.0795883053102,0.0821288896446,0.0115926663133
498,HE-078,HE-078_allsc,0.0732438307493,0.0614441549292,0.352325028661,-0.275273327182,0.0814864524788,-0.0212454212454
499,HE-078,Reading,0.0351826476254,0.0637191937894,0.352325028661,-0.275273327182,-0.0212454212454,0.0347901462405
500,HE-078,Memory,0.0994710184475,0.0455653037566,0.243989598188,-0.252859100187,0.0235830327433,-0.0212454212454
501,HE-078,CookieTheft,0.0834040986817,0.053054778426,0.23651818919,-0.140787965215,0.0982971227246,0.0889578614769
502,HE-078,PupilCalib,0.00261753017664,0.0490040428151,0.0964292704751,-0.155730783212,0.0814864524788,0.0235830327433
503,HE-095,HE-095_allsc,0.126251946637,0.0614288412342,0.3383496071,-0.252308686167,0.00822337068181,0.138489399106
504,HE-095,Reading,0.0563628034909,0.0492039309497,0.193807849533,-0.182714506598,0.0760330841082,0.163471925105
505,HE-095,Memory,0.127331833821,0.0543547068608,0.299091351958,-0.161300912884,0.127782602249,0.138489399106
506,HE-095,CookieTheft,0.142828088769,0.0520088034188,0.3383496071,-0.252308686167,0.0742486179654,0.0920932793934
507,HE-095,PupilCalib,0.00437520653034,0.0321405500395,0.0903088132506,-0.0809999364582,0.00822337068181,-0.0809999364582
508,HE-099,CookieTheft,0.11878379198,0.0551509115237,1.01293835376,-0.182243793784,0.0442117710145,0.155342742629
509,HE-099,PupilCalib,0.000501799675991,0.027693762906,0.144858688703,-0.144501199651,-0.0312734172516,0.00227555531112
510,HE-115,HE-115_allsc,0.0843081519975,0.0720118207634,0.470327565416,-0.375020469737,-0.0155669248748,0.0765543353662
511,HE-115,Reading,0.00749194939353,0.0442661877589,0.148806304183,-0.237741728986,-0.00653542877276,0.0476535478396
512,HE-115,CookieTheft,0.0922975106445,0.0482084545975,0.387237801277,-0.194390547696,-0.0209858225361,-0.0408551139606
513,HE-115,PupilCalib,-0.00184395477947,0.0272053042734,0.0765543353662,-0.120332279659,-0.0155669248748,-0.0101480272136
514,HE-119,HE-119_allsc,0.141017634077,0.104828312866,1.0538144272,-0.116859796302,0.044022333829,0.124463398895
515,HE-119,Reading,0.0802513820796,0.0401683034182,0.228865632277,-0.0672259476446,0.0765410622598,0.018349653489
516,HE-119,Memory,0.283544747491,0.0908296079278,1.0538144272,0.0200611655116,0.213462024073,0.124463398895
517,HE-119,CookieTheft,0.15506730842,0.0543943476095,0.670435734126,-0.116859796302,0.1022137426,0.139867007099
518,HE-119,PupilCalib,-0.000727537952924,0.0317104192145,0.0953676945091,-0.091187115962,0.044022333829,-0.0552453634859
519,HE-130,HE-130_allsc,-0.102841068279,0.102765021531,0.181139224366,-0.42823833725,0.00434449969944,-0.0796643410994
520,HE-130,Reading,0.0183378779223,0.042967589244,0.181139224366,-0.134834326102,0.033183355496,0.0269140390185
521,HE-130,Memory,-0.179903986703,0.0543840326377,0.108415153226,-0.42823833725,0.0745608442477,-0.0796643410994
522,HE-130,CookieTheft,-0.163617016109,0.0478992511617,0.1435233255,-0.388114711794,0.103399700044,-0.240158842924
523,HE-130,PupilCalib,0.00578041676586,0.0573660482806,0.173616044593,-0.149880685648,0.00434449969944,0.0645299378837
524,HE-150,HE-150_allsc,-0.0653622113433,0.0538745271237,0.0742636010546,-0.328381481586,-0.0496271936042,-0.126243869248
525,HE-150,Reading,-0.0482636042712,0.0358143468809,0.04003061832,-0.199600260823,-0.0365860573243,-0.0610381878491
526,HE-150,Memory,-0.0796335440705,0.0529406777104,0.0742636010546,-0.328381481586,0.0302497661101,-0.126243869248
527,HE-150,CookieTheft,-0.134590686736,0.0380286798255,0.0106880616902,-0.246874379837,-0.0349559152893,-0.175148130298
528,HE-150,PupilCalib,-0.00175715002495,0.0268857315801,0.0661128908797,-0.067558755989,-0.0496271936042,-0.00724350069458
529,HE-155,HE-155_allsc,-0.0971661998965,0.0823349113665,0.157945513644,-0.487559564867,-0.00909308123363,-0.161975862986
530,HE-155,Reading,-0.0603007434364,0.0551885828599,0.157945513644,-0.343170270989,-0.0487293579843,-0.0685474963596
531,HE-155,PupilCalib,-0.0010617497253,0.0236699245407,0.0815041227679,-0.153482375111,-0.00909308123363,0.00789389451665
532,HH-029,HH-029_allsc,0.0934136780003,0.118753971491,0.520484858151,-0.505671963157,0.060248410056,0.128431587552
533,HH-029,Reading,0.0656875131767,0.0911355527954,0.278434578042,-0.287485795171,-0.0130485057517,-0.0181622440639
534,HH-029,Memory,0.107997786354,0.135647116594,0.520484858151,-0.505671963157,0.164227755737,0.128431587552
535,HH-029,CookieTheft,0.128448780716,0.0946866641905,0.37730018541,-0.239757570924,-0.0147530851891,0.157409437987
536,HH-029,PupilCalib,-0.00248663794588,0.0715046845122,0.152295699675,-0.207370561614,0.060248410056,0.0636575689308
537,HH-053,HH-053_allsc,0.109433209339,0.0595095575801,0.357461885769,-0.275787086716,0.100313822356,0.175534004171
538,HH-053,Reading,0.0653777467384,0.0542141086689,0.26649794497,-0.237302342532,0.093316596141,0.105561742018
539,HH-053,Memory,0.125823792999,0.0602896904048,0.262999331862,-0.275787086716,0.123054807556,0.175534004171
540,HH-053,CookieTheft,0.122300907404,0.0482398663272,0.357461885769,-0.237302342532,0.189528456601,0.154542325525
541,HH-053,PupilCalib,0.00200622404415,0.0339315650866,0.100313822356,-0.086861978903,0.100313822356,0.0180964143265
542,HH-055,HH-055_allsc,0.0054570002152,0.0737370943789,0.346820168142,-0.282713338213,0.11408353852,0.0930990883077
543,HH-055,Reading,-0.0362157998019,0.0827212026002,0.320112686054,-0.282713338213,0.0396841241321,0.00534593287638
544,HH-055,Memory,0.0520021903376,0.0426681069481,0.270513076462,-0.076684190679,0.0339610922562,0.0930990883077
545,HH-055,CookieTheft,0.00918047938482,0.0576284546366,0.346820168142,-0.160621991526,0.0186996739203,0.0911914110157
546,HH-055,PupilCalib,0.00541843367607,0.0716491471393,0.270513076462,-0.141545218607,0.11408353852,0.00725361016836
547,HH-056,HH-056_allsc,0.0441084840619,0.074273339235,0.311489755354,-0.314189991624,0.0108384483642,0.0595927143625
548,HH-056,Reading,-0.0167821657184,0.0554534784025,0.160351530759,-0.314189991624,0.0400910079632,-0.0639180928331
549,HH-056,Memory,0.0770963037058,0.0648166735815,0.311489755354,-0.271936294426,0.0417161501631,0.0595927143625
550,HH-056,CookieTheft,0.0718315222739,0.0619394309356,0.265985773755,-0.190679184429,0.0855949895616,-0.15817634043
551,HH-056,PupilCalib,0.00152144056587,0.0488307961688,0.11809783356,-0.15492605603,0.0108384483642,-0.0281649644344
552,HH-076,HH-076_allsc,0.053290083556,0.0971742306409,1.5055850373,-0.284118560773,0.0322431863605,0.178673480748
553,HH-076,Reading,0.0254176829295,0.148631133438,1.5055850373,-0.282310779361,0.0448976562459,0.0521287818946
554,HH-076,Memory,0.0882844101384,0.15296339583,1.19826219722,-0.126841577912,0.0412820934215,0.178673480748
555,HH-076,CookieTheft,0.0545147194581,0.049163049185,0.440801785515,-0.284118560773,0.0394743120093,-0.0165669117686
556,HH-076,PupilCalib,0.00245578094344,0.0339999311285,0.0792455030775,-0.150342736271,0.0322431863605,-0.0147591303564
557,HH-098,HH-098_allsc,0.0250303971655,0.0532546541642,0.286156684457,-0.287498427645,-0.0609594661779,-0.108459571002
558,HH-098,Reading,0.006195279865,0.0431642685428,0.180194912158,-0.192498217997,-0.0134593613542,0.0303868892523
559,HH-098,Memory,0.0260677815776,0.0555402408757,0.244137360959,-0.287498427645,0.118079390465,-0.108459571002
560,HH-098,CookieTheft,0.0618938362584,0.0482681519681,0.286156684457,-0.141344258956,0.0559638687727,0.0468292332297
561,HH-098,PupilCalib,-0.00259370038807,0.0364033096648,0.0742331398588,-0.104805716784,-0.0609594661779,0.0468292332297
562,HI-010,HI-010_allsc,0.0537408194296,0.0515706131003,0.317548928036,-0.394400156396,0.0309968069162,0.16541043074
563,HI-010,Reading,0.0475811779032,0.0405666565226,0.18756652258,-0.394400156396,0.0413363164411,0.110758737537
564,HI-010,CookieTheft,0.0604409900609,0.046491086711,0.199383104894,-0.285096769989,0.0782631361731,-0.0251319590764
565,HI-010,PupilCalib,-0.00166829460409,0.0482477681774,0.113712883116,-0.258509459782,0.0309968069162,0.00440949670917
566,HI-020,HI-020_allsc,-0.0428411810879,0.0678220155564,0.202183624619,-0.444924785762,-0.0422795526364,-0.108428412364
567,HI-020,Reading,-0.0794035166657,0.0561130722757,0.0871421294397,-0.444924785762,-0.137188786159,-0.108428412364
568,HI-020,CookieTheft,-0.0204503534397,0.0539284322459,0.133158727511,-0.355767626999,-0.0595357769133,-0.0451555900159
569,HI-020,PupilCalib,-0.00817739750397,0.0992106572693,0.115902503234,-0.298246879409,-0.0422795526364,-0.232098019681
570,HI-034,HI-034_allsc,0.107088314269,0.0638139874782,0.306726033244,-0.276319887419,0.0357122259006,0.142652809339
571,HI-034,Reading,0.0629742858926,0.0468433897553,0.189530873312,-0.232371702444,0.108959200858,-0.0492542650502
572,HI-034,Memory,0.125439234949,0.0519009231423,0.306726033244,-0.276319887419,0.12360859585,0.142652809339
573,HI-034,CookieTheft,0.132479834249,0.0557867985935,0.293541577751,-0.235301581443,0.048896681393,0.149977506834
574,HI-034,PupilCalib,0.0030269950574,0.0509170846191,0.0943098058667,-0.159124727487,0.0357122259006,0.0752655923777
575,HI-036,HI-036_allsc,0.0169407228547,0.040591182045,0.306876114476,-0.371004762858,-0.0108805467742,0.0591888708348
576,HI-036,Reading,-0.008119275811,0.0336838986513,0.117851639066,-0.371004762858,-0.0157691107935,0.0233394013604
577,HI-036,Memory,0.0298936673811,0.0391702500997,0.15696015122,-0.113540391178,-0.0385824095499,0.0591888708348
578,HI-036,CookieTheft,0.0329576277004,0.0372397173531,0.306876114476,-0.263456354435,0.0363755720784,0.0331165293989
579,HI-036,PupilCalib,-0.00103005166123,0.025881030124,0.0640774348541,-0.128206083236,-0.0108805467742,0.0331165293989
580,HI-041,HI-041_allsc,0.0546874095148,0.0554150430914,0.316340402393,-0.248350552837,-0.00225212978068,0.163721225304
581,HI-041,Reading,0.027614824935,0.0368493517612,0.205691499003,-0.225457676273,0.0149175276418,-0.0232372666304
582,HI-041,Memory,0.108287559518,0.0524015087076,0.316340402393,-0.248350552837,0.0950425956136,0.163721225304
583,HI-041,CookieTheft,0.0426436726033,0.0305688610951,0.156090266449,-0.160594526011,0.0587955410549,0.0416258836324
584,HI-041,PupilCalib,0.00185535062312,0.0306233419453,0.213322457858,-0.0728384991843,-0.00225212978068,-0.0213295269168
585,HI-042,HI-042_allsc,-0.153517421468,0.114437091699,0.301385903284,-0.562033590241,-0.0177039095405,-0.10905118929
586,HI-042,Reading,-0.0728443409763,0.0727697555181,0.177503975952,-0.426889669515,-0.374333700344,-0.0777678743075
587,HI-042,CookieTheft,-0.237072381761,0.0788653898907,0.301385903284,-0.562033590241,0.191268634544,-0.23668711442
588,HI-042,PupilCalib,-0.00304085831271,0.0558355963797,0.119942676384,-0.176623149653,-0.0177039095405,-0.0126985791433
589,HI-052,Reading,0.039859716552,0.0706316422839,0.455877778162,-0.286578410701,0.00376758494348,-0.00867581486986
590,HI-052,CookieTheft,0.114847449148,0.054995248642,0.538833776917,-0.26998721095,0.0805018837925,0.0245065846324
591,HI-052,PupilCalib,0.0032779141175,0.128878449495,0.406104178908,-0.207770211883,-0.0667450139988,0.0908713836369
592,HI-097,HI-097_allsc,-0.0189508526244,0.0504385573101,0.173800567634,-0.330348049267,-0.0209841252597,-0.0133455098521
593,HI-097,Reading,-0.0615492232113,0.0423711513996,0.0872295930146,-0.330348049267,-0.0120724072842,-0.01461861242
594,HI-097,Memory,-0.00406835645509,0.0459546429867,0.173800567634,-0.159752305164,0.0554020288163,-0.0133455098521
595,HI-097,CookieTheft,0.0070491348859,0.0352465222266,0.125422670053,-0.169937125708,0.0324861825935,0.0197551569141
596,HI-097,PupilCalib,-0.00445919747107,0.0366031598729,0.0681330544956,-0.115193715287,-0.0209841252597,-0.0477192791863
597,HI-120,HI-120_allsc,0.0561858734953,0.108838155244,0.460680912008,-0.402933349836,0.0875142556558,-0.0333206616392
598,HI-120,Reading,-0.0105939705381,0.108811541465,0.460680912008,-0.402933349836,0.101730128279,-0.00844288454908
599,HI-120,Memory,0.115889288644,0.0873197344916,0.439357103074,-0.363839700123,0.0288737810862,-0.0333206616392
600,HI-120,CookieTheft,0.0542015621203,0.101813182276,0.453572975697,-0.385163509057,-0.0439825661065,0.0413126696313
601,HI-120,PupilCalib,0.000704459649235,0.0951232980973,0.304306313156,-0.260774623606,0.0875142556558,-0.0795222476638
602,HI-121,HI-121_allsc,-0.0910888521586,0.160102145211,1.22536484378,-0.541630826202,-0.0587686431164,0.53956058375
603,HI-121,Reading,-0.0866363901316,0.199253098119,0.648029624878,-0.43141228441,0.284133486901,-0.153241678937
604,HI-121,Memory,-0.118749550259,0.139828688885,1.22536484378,-0.485646804974,0.301628493534,0.53956058375
605,HI-121,CookieTheft,-0.0627544464372,0.173354886072,0.959440742955,-0.541630826202,0.165167441793,-0.205726698838
606,HI-121,PupilCalib,-0.00180413250641,0.118123557638,0.24214547098,-0.286203729352,-0.0587686431164,-0.174235686898
607,HI-131,HI-131_allsc,-0.157886760812,0.0968115757202,0.198167302764,-0.448258568874,0.142058004683,-0.289282224312
608,HI-131,Reading,-0.12943523216,0.0793711519097,0.108158637093,-0.448258568874,0.0953002562826,-0.192259896381
609,HI-131,Memory,-0.210070552178,0.0655467967305,0.154916385493,-0.408514482733,0.154916385493,-0.289282224312
610,HI-131,CookieTheft,-0.208500679742,0.0656152657958,0.198167302764,-0.436569131774,0.171281597433,-0.275254899792
611,HI-131,PupilCalib,-0.0132236427952,0.106291546853,0.143226948393,-0.249538138171,0.142058004683,-0.249538138171
612,HI-132,HI-132_allsc,0.0260608005763,0.0617930691784,0.422877352402,-0.295763740093,-0.0028654774505,-0.0284740687198
613,HI-132,Reading,-0.0111453996692,0.0467997193062,0.266024730877,-0.174122931564,0.0531533159512,0.00513720732116
614,HI-132,Memory,0.00819778443755,0.0546141719149,0.352453726411,-0.295763740093,0.0595554637685,-0.0284740687198
615,HI-132,CookieTheft,0.0732368948889,0.0523538658365,0.422877352402,-0.186927227199,0.0259441877275,0.0483517050882
616,HI-132,PupilCalib,0.00394218757723,0.0325663187898,0.0835635180835,-0.0780907143042,-0.0028654774505,0.0419495572708
617,HI-134,HI-134_allsc,-0.185242272443,0.0641292766144,0.0399742072592,-0.451540980033,-0.0334533664522,-0.241747912287
618,HI-134,Reading,-0.0859114368033,0.0388354771865,0.0309830757843,-0.337653314685,-0.045441541752,-0.115872071638
619,HI-134,Memory,-0.209489542091,0.0391976733428,0.0115022909221,-0.379611928234,-0.00198440629016,-0.241747912287
620,HI-134,CookieTheft,-0.201287430714,0.0388227919461,-0.010975537765,-0.451540980033,-0.010975537765,-0.175812948138
621,HI-134,PupilCalib,-0.00390163285465,0.0212427666226,0.0399742072592,-0.0829045895639,-0.0334533664522,0.00251115944727
622,HI-144,HI-144_allsc,-0.0424600428837,0.0750193912914,0.270144727245,-0.445429766978,0.051894506507,-0.173511459173
623,HI-144,Reading,0.0342484289018,0.0579022354886,0.184275787938,-0.373872317555,0.0930400399248,0.0554723789781
624,HI-144,Memory,-0.0942466050981,0.0609586146547,0.259411109831,-0.445429766978,0.0554723789781,-0.173511459173
625,HI-144,CookieTheft,-0.0619059052412,0.0509678582239,0.270144727245,-0.363138700142,0.0626281239203,-0.16277784176
626,HI-144,PupilCalib,0.00500655143626,0.0437914495355,0.103773657338,-0.327359975431,0.051894506507,0.0018042919114
627,HI-148,HI-148_allsc,-0.143010490257,0.100493908768,0.147107170068,-0.46811483781,-0.025694230551,-0.260998265437
628,HI-148,Reading,-0.0836448522379,0.0364404404196,0.116468623859,-0.33330523449,-0.0710392789405,-0.0747159044855
629,HI-148,Memory,-0.226199932629,0.0767002519032,0.134851751585,-0.443604000843,0.122596333101,-0.260998265437
630,HI-148,CookieTheft,-0.240246515067,0.0616575853042,0.0833789939533,-0.46811483781,0.0833789939533,-0.352913904064
631,HI-148,PupilCalib,-0.000366365684828,0.0293914560933,0.147107170068,-0.181338045293,-0.025694230551,0.0122975667483
632,HL-060,HL-060_allsc,0.0791600837256,0.0580613877932,0.373388646952,-0.214669692988,0.050238377081,0.0709049641077
633,HL-060,Reading,0.0619612332918,0.0496478904519,0.373388646952,-0.214669692988,0.0802988673016,0.138541067104
634,HL-060,Memory,0.0891857168493,0.0569747306509,0.266298150541,-0.192124325322,0.0746625253853,0.0709049641077
635,HL-060,CookieTheft,0.101717104123,0.0495151238971,0.33017669226,-0.165821396379,0.0521171577198,0.0953291124119
636,HL-060,PupilCalib,-0.00142365939914,0.05620849166,0.177995460518,-0.188366764045,0.050238377081,0.0389656932483
637,HL-062,PupilCalib,0.0153580076098,0.0840261781472,0.115185057074,-0.105153925977,0.0747146316154,0.115185057074
638,HL-074,HL-074_allsc,-0.00416403475195,0.0885795825488,0.324233094699,-0.164471975964,-0.00997811491524,0.135056938314
639,HL-074,Reading,-0.0549168624682,0.0359384147231,0.0893393671872,-0.158166104084,-0.142401424385,-0.0320486664936
640,HL-074,CookieTheft,-0.0296650469231,0.0363490192437,0.0751511554583,-0.136095552506,-0.114025000927,-0.065154493861
641,HL-074,PupilCalib,0.000340243297141,0.0259260004588,0.065692347639,-0.155013168144,-0.00997811491524,0.0357394562113
642,HL-111,Reading,-0.136440405769,0.0727707612815,0.33010989011,-0.411485905399,-0.122331581462,-0.210778786431
643,HL-111,CookieTheft,-0.118700993397,0.0697861696647,0.126000955566,-0.465914954611,-0.00326803631151,-0.0917152412805
644,HL-111,PupilCalib,-0.0103574199713,0.166339756802,0.442369804109,-0.41828953655,-0.0236789297659,-0.163153368371
645,HL-145,HL-145_allsc,-0.15051318356,0.122000922006,0.267029116038,-0.655972226771,-0.0490289195297,-0.230832214325
646,HL-145,CookieTheft,-0.236523124901,0.0542835365941,0.0600530573478,-0.541296302361,0.034880293453,-0.25600497822
647,HL-145,PupilCalib,-0.00122964076619,0.0234581323975,0.0880227950087,-0.057419840828,-0.0490289195297,-0.00707431303835
648,HL-168,HL-168_allsc,-0.0248784751467,0.0527938055681,0.385594125606,-0.313374848669,-0.0387247881373,-0.0140371422467
649,HL-168,Reading,-0.0378042232847,0.0512474901241,0.385594125606,-0.305659959329,0.0816274855791,0.0739125962383
650,HL-168,Memory,-0.00298424954921,0.0516850667899,0.194264869955,-0.287144224911,0.121744910151,-0.0140371422467
651,HL-168,CookieTheft,-0.0372420395028,0.0489325930365,0.101686197865,-0.313374848669,0.0137364593801,-0.0742132791049
652,HL-168,PupilCalib,-0.000508943965567,0.0435175492239,0.14797553391,-0.208452353635,-0.0387247881373,-0.0510686110825
653,HL-176,HL-176_allsc,-0.0730969104397,0.10760016836,0.463559834016,-0.497947250286,-0.21801480802,-0.169330905018
654,HL-176,Reading,-0.085981675884,0.0848110942701,0.463559834016,-0.497947250286,0.0193192191173,-0.306254382213
655,HL-176,Memory,-0.0572246549474,0.160608263037,0.424004162826,-0.434049627595,0.0649603781822,-0.169330905018
656,HL-176,CookieTheft,-0.102928623633,0.111811277636,0.323593612884,-0.418835907906,-0.02327919601,-0.0658776111373
657,HL-176,PupilCalib,-0.00142876671855,0.0529162223908,0.215576203097,-0.230185783771,-0.21801480802,0.0284474509302
658,HN-183,HN-183_allsc,-0.115851448888,0.0649398643076,0.146107124667,-0.460814851516,-0.134323342007,-0.219671744908
659,HN-183,Reading,-0.0358684155779,0.0367387180199,0.146107124667,-0.208833852476,0.0241808348088,0.0228260982548
660,HN-183,Memory,-0.112843797703,0.0661279092939,0.136623968789,-0.32263172301,0.100046081832,-0.219671744908
661,HN-183,CookieTheft,-0.146137024983,0.0404476388127,0.106819764602,-0.460814851516,0.0566945121043,-0.103164401265
662,HN-183,PupilCalib,-0.00951426519588,0.0521527452491,0.0946271356157,-0.177674911734,-0.134323342007,-0.00968757904073
663,HO-032,HO-032_allsc,0.0407479160207,0.0404127140676,0.569351076965,-0.271664328484,0.0288149620064,0.0941365468957
664,HO-032,Reading,0.0222118638954,0.0454219493089,0.569351076965,-0.26839824924,0.0206497638952,-0.0691674153276
665,HO-032,Memory,0.0615872360339,0.0352621233731,0.321129054386,-0.271664328484,0.0206497638952,0.0941365468957
666,HO-032,CookieTheft,0.0463182384729,0.0273028214238,0.285202182697,-0.176948030395,0.019016724273,0.0549435959621
667,HO-032,PupilCalib,0.00196793873839,0.0212820752399,0.0435123186065,-0.123057722861,0.0288149620064,0.0157506450285
668,HO-033,HO-033_allsc,0.0205632001922,0.0677053314191,0.244740623344,-0.408830310813,-0.0163593227135,-0.408830310813
669,HO-033,Reading,-0.00399816361605,0.0554352816,0.192192206527,-0.323439133486,-0.17893098724,0.0460419222562
670,HO-033,PupilCalib,-0.00200524211042,0.0371439289315,0.116653857354,-0.119814018321,-0.0163593227135,-0.0606970494026
671,HO-038,HO-038_allsc,0.19957151028,0.0864506283363,0.582589844076,-0.171850245977,0.175018760944,0.233552905862
672,HO-038,Reading,0.17301456685,0.0570997943932,0.357124989577,-0.128491620112,0.201033936463,0.166347035771
673,HO-038,Memory,0.222046240815,0.0668037243847,0.46552155424,-0.0157591928625,0.201033936463,0.233552905862
674,HO-038,CookieTheft,0.211724218704,0.0823540299399,0.582589844076,-0.141499207871,0.214041524222,0.218377386809
675,HO-038,PupilCalib,-0.00324916310471,0.0815085148199,0.305094638539,-0.171850245977,0.175018760944,-0.117651963645
676,HO-070,HO-070_allsc,0.000956970153511,0.140586606379,0.990324809952,-0.552176917761,0.0490670352453,-0.00483759502419
677,HO-070,Reading,-0.0356794255181,0.140237839848,0.488597097443,-0.365583966828,-0.237042156185,-0.195577055978
678,HO-070,CookieTheft,0.0257579812718,0.131560925458,0.990324809952,-0.369730476849,-0.0711817553559,0.0366275051831
679,HO-070,PupilCalib,0.00258247553923,0.158230270315,0.351762266759,-0.14996544575,0.0490670352453,0.347615756738
680,HO-071,HO-071_allsc,0.0428436683226,0.0430725605658,0.294335148604,-0.309687920744,-0.0485501276048,0.117215601953
681,HO-071,Reading,0.0249316729925,0.0481260900615,0.276169041256,-0.309687920744,0.0150312481161,0.0400096457207
682,HO-071,CookieTheft,0.0408076706079,0.036210502242,0.294335148604,-0.214315857163,-0.0281132568374,0.0445511725579
683,HO-071,PupilCalib,-0.000343825436628,0.0208391395988,0.0967787311858,-0.0803408154653,-0.0485501276048,0.0581757530695
684,HO-072,HO-072_allsc,0.0282164454688,0.0990854464266,0.649371314468,-0.484821066425,-0.0994352750304,-0.0295466600106
685,HO-072,Reading,-0.0234530996388,0.0881273768622,0.649371314468,-0.42891017441,0.00839287385729,0.0063960562853
686,HO-072,Memory,0.0801556206237,0.0839703924844,0.473651368132,-0.241209322642,0.267979158217,-0.0295466600106
687,HO-072,CookieTheft,0.0433566393124,0.0737031649599,0.557517706156,-0.245202957786,-0.00358803157468,-0.00558484914667
688,HO-072,PupilCalib,-0.00239651491649,0.20982713458,0.429721381548,-0.484821066425,-0.0994352750304,0.00240242114131
689,HO-075,HO-075_allsc,-0.0140179438969,0.0410814572087,0.214723841754,-0.326957385371,-0.1070377591,0.0243236284048
690,HO-075,Reading,-0.0433822849404,0.0354200182903,0.0656508064961,-0.253158853065,-0.00814772580971,-0.104085817807
691,HO-075,Memory,-0.0102885480982,0.0550681212871,0.142401280094,-0.326957385371,-0.0361911680859,0.0243236284048
692,HO-075,CookieTheft,-0.000827148508696,0.0279283960546,0.214723841754,-0.288582148572,-0.0553787864854,0.00366003935922
693,HO-075,PupilCalib,-0.00655397196989,0.0446181218609,0.0818864836034,-0.135081201376,-0.1070377591,0.0228476577587
694,HO-106,HO-106_allsc,0.0497401428536,0.0783783756602,0.467831416364,-0.33006668689,-0.019563887275,0.119691913765
695,HO-106,Reading,-0.0176213180819,0.0475865863191,0.228838352417,-0.187047215552,0.0199546508579,-0.040264073916
696,HO-106,Memory,0.0898517547553,0.0716541194868,0.467831416364,-0.33006668689,0.0350093320514,0.119691913765
697,HO-106,CookieTheft,0.0670937651004,0.0552720545634,0.194965319732,-0.108010139287,0.0688823647367,0.0218364860071
698,HO-106,PupilCalib,-0.00717690918239,0.0342423415989,0.0839370459301,-0.128710325928,-0.019563887275,-0.0158002169766
699,HO-124,HO-124_allsc,-0.135670126971,0.085802204313,0.437550015389,-0.40784856879,-0.299846106494,0.0316097260696
700,HO-124,Reading,-0.18730218208,0.0874082314286,0.437550015389,-0.404124345953,-0.143428747307,-0.217913204063
701,HO-124,Memory,-0.103754337769,0.0670057392278,0.243890427824,-0.366882117575,-0.135980301631,0.0316097260696
702,HO-124,CookieTheft,-0.152827219255,0.076392491641,0.2513388735,-0.40784856879,-0.195567867036,-0.180670975685
703,HO-124,PupilCalib,-0.00122597910338,0.126351172144,0.206648199446,-0.363157894737,-0.299846106494,0.0763004001231
704,HO-136,HO-136_allsc,-0.145694192607,0.0947949420334,0.0644197088815,-0.482711917179,-0.0195843387561,-0.293702809995
705,HO-136,Reading,-0.106489013551,0.0469958918387,-0.000793959679302,-0.482711917179,-0.0317428193353,-0.131221296801
706,HO-136,Memory,-0.237135207563,0.0531525259826,0.0644197088815,-0.386549388962,0.0323655328092,-0.293702809995
707,HO-136,CookieTheft,-0.237690201032,0.0471994008179,0.0412080641395,-0.316914454737,0.0235230014789,-0.266069899587
708,HO-136,PupilCalib,-0.00151980110474,0.0181435382106,0.0378921148906,-0.124589398303,-0.0195843387561,0.0058379388184
709,HO-158,HO-158_allsc,-0.13757746685,0.0527927699764,0.114992860543,-0.407710613993,-0.0355069014755,-0.17953355545
710,HO-158,Reading,-0.0985587055472,0.0349523495412,0.0454069490719,-0.336506425512,-0.051689671585,-0.0581627796287
711,HO-158,Memory,-0.157415788096,0.0364913108363,0.0988100904331,-0.398000951928,0.0874821513565,-0.17953355545
712,HO-158,CookieTheft,-0.153052131609,0.0438962259219,0.0745359352689,-0.407710613993,0.0276059019515,-0.122893860067
713,HO-158,PupilCalib,-0.000810732642692,0.0372159844506,0.114992860543,-0.135840076154,-0.0355069014755,0.0162779628748
714,HO-162,HO-162_allsc,-0.104052928436,0.0954830543969,0.108991478125,-0.493105983316,-0.0556847506451,-0.493105983316
715,HO-162,Reading,-0.0314055055495,0.0388397572427,0.108991478125,-0.186911120446,-0.186911120446,0.0382321610754
716,HO-162,CookieTheft,-0.196830032439,0.0630116125795,0.0356590950009,-0.395329472484,-0.00422342915441,-0.248664706235
717,HO-162,PupilCalib,-0.000105901921612,0.0205055613943,0.0665358878953,-0.0556847506451,-0.0556847506451,0.0112149672928
718,HO-165,HO-165_allsc,-0.0335284951923,0.0805745950974,0.308162581532,-0.375729384684,-0.0232619867112,-0.0881440450445
719,HO-165,Reading,0.0361259141245,0.0586484772916,0.195934156307,-0.20037247027,0.136312805406,0.0977342842348
720,HO-165,CookieTheft,-0.0804491699682,0.0537412641987,0.216976986037,-0.375729384684,0.185412741442,-0.0671012153148
721,HO-165,PupilCalib,-0.00296062384999,0.040645166716,0.104748560811,-0.144258257657,-0.0232619867112,-0.0706083536031
722,HO-187,HO-187_allsc,-0.143164639879,0.103582663126,0.0842950507538,-0.637609611684,-0.0853956866321,-0.186059683386
723,HO-187,Memory,-0.236313608611,0.0781527338745,-0.00774060342161,-0.528317272351,-0.188935797579,-0.186059683386
724,HO-187,CookieTheft,-0.161780534299,0.0684038779808,-0.0480062021233,-0.378759334316,-0.154422427264,-0.151546313071
725,HO-187,PupilCalib,-0.00536583023475,0.027367070607,0.0641622514029,-0.112718771465,-0.0853956866321,-0.0221211743865
726,HO-188,HO-188_allsc,-0.114615116672,0.0940417675135,0.56635536256,-0.424979676006,-0.0247655305058,-0.270874229175
727,HO-188,Reading,-0.0348169760472,0.0653797345665,0.56635536256,-0.424979676006,-0.00981500208197,-0.162770408264
728,HO-188,Memory,-0.20344688501,0.055539787386,0.0557373148534,-0.406579025638,0.0534372335574,-0.270874229175
729,HO-188,CookieTheft,-0.14301391463,0.0575833703329,0.0361866238376,-0.404278944342,0.0350365831896,-0.166220530208
730,HO-188,PupilCalib,-0.00558914517262,0.0232341967588,0.0614875180933,-0.0914678880891,-0.0247655305058,-0.0385660182817
731,HO-193,HO-193_allsc,-0.181498493654,0.0852891948116,0.238806474504,-0.478705549736,-0.10091350432,-0.21220108359
732,HO-193,Reading,-0.126269739954,0.0423531674389,0.238806474504,-0.455276585679,-0.0247693711351,-0.0760202300093
733,HO-193,Memory,-0.235250301199,0.0589114301885,0.0323387287534,-0.428919001115,0.0220885569786,-0.21220108359
734,HO-193,CookieTheft,-0.240844982653,0.0564724035878,0.145090618277,-0.478705549736,-0.051126955699,-0.244415909168
735,HO-193,PupilCalib,-0.00683865590126,0.0342486865854,0.0425889005283,-0.124342468377,-0.10091350432,0.0118383852037
736,HP-138,HP-138_allsc,-0.166171319179,0.11966449588,0.322404855076,-0.506336292012,0.0205793755806,-0.271014731728
737,HP-138,Reading,-0.0528607710173,0.0627684619701,0.322404855076,-0.364376002928,0.0487156490929,-0.0612716019095
738,HP-138,Memory,-0.217623654487,0.0715921394847,0.0308107477669,-0.506336292012,-0.00372013336175,-0.271014731728
739,HP-138,CookieTheft,-0.262126682814,0.0655009193633,0.0678994719422,-0.506336292012,0.0333685908135,-0.294035319147
740,HP-138,PupilCalib,0.00236610485184,0.0454298406253,0.202186231887,-0.171258852912,0.0205793755806,-0.13544905026
741,HR-014,HR-014_allsc,0.0293269102843,0.0742886901351,0.382463211412,-0.435084829854,0.0122858794224,0.0491281731276
742,HR-014,Reading,-0.0182878403016,0.0700476597641,0.182462188441,-0.392979351334,0.0403561984359,-0.00876685983765
743,HR-014,Memory,0.0739678678039,0.0673232725551,0.382463211412,-0.435084829854,0.0315842237442,0.0491281731276
744,HR-014,CookieTheft,0.00899053780933,0.0544545190275,0.256146775852,-0.329821133554,0.0421105933742,0.0842160718944
745,HR-014,PupilCalib,0.000543964727968,0.0535845405915,0.117549575723,-0.135083295398,0.0122858794224,-0.0754338674946
746,HR-047,HR-047_allsc,0.0367666847253,0.0853441104152,0.844856915601,-0.265900685667,0.0434971928867,0.10691414936
747,HR-047,Reading,0.00333514490126,0.0597780343367,0.844856915601,-0.204405455147,0.0089061257192,0.033888563118
748,HR-047,CookieTheft,0.0416326508432,0.0622247220921,0.844856915601,-0.26205723376,0.0857751638692,0.033888563118
749,HR-047,PupilCalib,0.000159446562052,0.0439706064222,0.291399840921,-0.265900685667,0.0434971928867,0.0915403417305
750,HR-102,HR-102_allsc,0.202337418224,0.124439539412,0.557766672449,-0.20414341916,-0.0344109730096,0.357859569205
751,HR-102,Reading,0.0948147249673,0.0411601948442,0.225845444421,-0.12493494429,0.0221665090406,0.120234144594
752,HR-102,Memory,0.349891229671,0.0573302609863,0.557766672449,-0.0985321193332,0.286194758608,0.357859569205
753,HR-102,CookieTheft,0.163911082666,0.0523427253271,0.308825751428,-0.20414341916,-0.0080081480528,0.152294717756
754,HR-102,PupilCalib,-0.000555590835883,0.0295180936686,0.0693144107492,-0.106075783607,-0.0344109730096,-0.0306391408729
755,HR-107,HR-107_allsc,0.0250741374062,0.0801749128568,0.520530212192,-0.34422630659,-0.174878154995,0.0413109747004
756,HR-107,Reading,-0.0660303216841,0.0670895237486,0.466482929768,-0.268560111197,-0.0866009270362,-0.102815111763
757,HR-107,Memory,0.0672380186812,0.0588899126512,0.455673473284,-0.322607393621,0.053922007266,0.0413109747004
758,HR-107,CookieTheft,0.00115113477062,0.0548511272521,0.38000727789,-0.174878154995,0.00527945308445,0.00167630092286
759,HR-107,PupilCalib,-0.00610840414206,0.125190730184,0.520530212192,-0.34422630659,-0.174878154995,-0.0343552206931
760,HR-110,HR-110_allsc,-0.0666159184026,0.115070670898,0.508858459342,-0.435394899085,0.0480887792848,-0.159582062431
761,HR-110,Reading,-0.0930727924074,0.127565416989,0.340125900448,-0.412680900772,0.028619637874,-0.213122201311
762,HR-110,Memory,-0.0694320688865,0.11278020694,0.375819326368,-0.435394899085,0.223311051983,-0.159582062431
763,HR-110,CookieTheft,-0.0625638299219,0.109999266641,0.508858459342,-0.364008047245,0.135699915634,-0.0330326432604
764,HR-110,PupilCalib,-0.0022916801869,0.094709236028,0.369329612564,-0.237458628075,0.0480887792848,-0.0979297812966
765,HR-133,HR-133_allsc,0.133092825804,0.0768665504519,0.347567507665,-0.592922315393,0.0443648184404,0.0584019799786
766,HR-133,Reading,0.107903291345,0.0564122255557,0.257729673821,-0.303756787706,0.0864763030549,0.0527871153633
767,HR-133,CookieTheft,0.172161624682,0.0676233288058,0.274574267667,-0.174614901555,0.165084407669,0.204388459976
768,HR-133,PupilCalib,0.0159721267518,0.0759195876109,0.165084407669,-0.098814229249,0.0443648184404,0.162276975361
769,HR-151,HR-151_allsc,-0.130497972996,0.0706228814527,0.108994170807,-0.499080630648,0.00312976800595,-0.196979773874
770,HR-151,Reading,-0.0951304490532,0.038447153894,0.0508978521967,-0.499080630648,-0.0588396385118,-0.0691678729314
771,HR-151,Memory,-0.176151608043,0.0564782011488,0.0044207973084,-0.478424161809,-0.00203434920387,-0.196979773874
772,HR-151,CookieTheft,-0.174319250237,0.0414147177622,-0.00978052501858,-0.400962403662,-0.0136536129259,-0.235710652948
773,HR-151,PupilCalib,-0.0033667387128,0.032058937766,0.108994170807,-0.208599037596,0.00312976800595,-0.000743319901413
774,HR-179,HR-179_allsc,-0.130539556325,0.0775352091189,0.115127117421,-0.503632441636,-0.0807000836868,-0.207171817736
775,HR-179,Reading,-0.0986599182697,0.0674539380214,0.115127117421,-0.45331573024,-0.215331284449,-0.205811906617
776,HR-179,Memory,-0.182622377464,0.0623804535904,0.109687472946,-0.355402129686,-0.0140644388653,-0.207171817736
777,HR-179,CookieTheft,-0.15874723246,0.0560951581415,0.00633422791678,-0.503632441636,-0.0263036389346,-0.135096528439
778,HR-179,PupilCalib,-0.00517889269299,0.038483265516,0.0743297838571,-0.158215017459,-0.0807000836868,0.0376121836493
779,HS-085,HS-085_allsc,0.173926445695,0.0996328765098,0.531645130775,-0.168584178178,0.102307452293,0.223271639485
780,HS-085,Reading,0.100537341831,0.055757204613,0.332309780052,-0.085101851806,0.260753500305,0.124455824596
781,HS-085,Memory,0.289637276588,0.0646999086515,0.531645130775,0.0409734982245,0.189197220558,0.223271639485
782,HS-085,CookieTheft,0.21887417218,0.0602827368768,0.444755362511,-0.168584178178,0.204530709075,0.148307917845
783,HS-085,PupilCalib,0.0125096780639,0.0563685337566,0.201123267182,-0.11576882884,0.102307452293,-0.00161952543447
784,HT-064,HT-064_allsc,0.0208352380271,0.0587160727853,0.245310563751,-0.262319849259,-0.0170602115127,0.0932115635981
785,HT-064,Reading,-0.0109782687347,0.0431048455517,0.209187051215,-0.262319849259,0.0133595885179,0.0799029010847
786,HT-064,Memory,0.0868818840881,0.0438386359551,0.245310563751,-0.0607886740566,0.0494831010542,0.0932115635981
787,HT-064,CookieTheft,0.00495362967413,0.0411689916801,0.159754876165,-0.171060449167,0.0152608260198,0.0304707260351
788,HT-064,PupilCalib,-0.000333022201466,0.036611058782,0.0837053760885,-0.220492624217,-0.0170602115127,0.0266682510313
789,HU-048,HU-048_allsc,-0.0209974178819,0.0651119287796,0.83995937752,-0.520843912104,0.00239453587821,-0.356014217868
790,HU-048,Reading,-0.0335793379577,0.0513433904329,0.176807351872,-0.31001523343,-0.00718858587971,-0.0761870625367
791,HU-048,Memory,-0.0320589778137,0.0719786266892,0.372303035734,-0.520843912104,0.0119776576361,-0.356014217868
792,HU-048,CookieTheft,0.0109339178083,0.06291409523,0.83995937752,-0.38284695879,0.0388103985583,-0.348347720462
793,HU-048,PupilCalib,1.85897865965e-05,0.0258928875876,0.0924758804026,-0.0953533060526,0.00239453587821,-0.0263548293955
794,HU-079,HU-079_allsc,-0.00118632067621,0.0545848172663,0.270497245665,-0.421484273043,-0.00437763012689,0.00521102833096
795,HU-079,Reading,-0.0479107693225,0.0424564382627,0.113882490853,-0.421484273043,-0.0299473860145,-0.0203587275566
796,HU-079,Memory,0.0286169581454,0.0547831188091,0.270497245665,-0.383129639212,0.00521102833096,0.00521102833096
797,HU-079,CookieTheft,0.000586257644731,0.0306048749346,0.101097612909,-0.300027932577,-0.058713361388,0.00201480884501
798,HU-079,PupilCalib,-0.00227704143399,0.0305957209764,0.0947051739375,-0.117843421878,-0.00437763012689,-0.0635076906169
799,HU-081,HU-081_allsc,0.0929636238918,0.0748475735719,0.405672401224,-0.16469205477,-0.0745376730162,0.0505745302341
800,HU-081,Reading,0.0449936374799,0.0554413017253,0.298959051393,-0.16469205477,0.159127765407,0.114970517201
801,HU-081,Memory,0.0814353139851,0.0751659562487,0.348635955625,-0.159172398744,0.227203523058,0.0505745302341
802,HU-081,CookieTheft,0.141785086606,0.0498908568602,0.405672401224,-0.0690180169904,0.192245701562,0.129689599937
803,HU-081,PupilCalib,-0.000909622792441,0.0479036375317,0.114970517201,-0.148133086693,-0.0745376730162,0.00089762600239
804,HU-153,HU-153_allsc,-0.158409408794,0.0981616014579,0.0940690910273,-0.473608267525,-0.0413993695363,-0.163966071951
805,HU-153,Reading,-0.0466789974313,0.0461568511919,0.0940690910273,-0.347171037665,0.00375678398492,-0.0723635890936
806,HU-153,Memory,-0.2037542919,0.0671377478004,0.0489129375061,-0.473608267525,0.0398817068019,-0.163966071951
807,HU-153,CookieTheft,-0.223612393369,0.0398752546262,0.00375678398492,-0.441353872152,0.00375678398492,-0.138162555653
808,HU-153,PupilCalib,0.000176885618551,0.0242014111564,0.0540736407657,-0.192349939878,-0.0413993695363,0.0334308277274
809,HV-160,HV-160_allsc,-0.109740093136,0.0951642378678,0.265219365362,-0.367958699783,0.00717372660467,-0.219042494156
810,HV-160,Reading,-0.0209896070733,0.0492252047129,0.191329645013,-0.270196915937,-0.0212453966065,-0.0257924563203
811,HV-160,Memory,-0.1966686483,0.0604200434147,0.17200464123,-0.367958699783,0.0810634469538,-0.219042494156
812,HV-160,CookieTheft,-0.142966059929,0.0628209096531,0.265219365362,-0.295205744362,0.17200464123,-0.181529251518
813,HV-160,PupilCalib,0.00775732125164,0.0402265583596,0.183372290514,-0.0735365833151,0.00717372660467,0.0321825550305
